odom_x, odom_y, odom_th, odom_vx, odom_yawrate, pf_x, pf_y, pf_th, stamp, 
5.998797080710872e-05, -9.973093058503787e-07, 1.6539264081555396e-06, 4.696960427529642e-06, -5.422334705828858e-08, 0.019533222020366073, 0.07899844100242584, 0.0013324460723254257, 42501000000, 
5.989796480353692e-05, -9.97269766972418e-07, 1.6581201102085848e-06, 2.5269452450334176e-06, -7.492161521046852e-08, 0.02723927109956066, 0.08173112652204073, -0.0009272985337155838, 42705000000, 
6.0012576839408204e-05, -9.973312232945172e-07, 1.6643511626880478e-06, 3.870926088832812e-06, -6.787287547803867e-08, 0.024194913762730065, 0.08826854505915692, 0.0012363176402077336, 42909000000, 
5.995155081558319e-05, -9.973799468020454e-07, 1.668763291224536e-06, 3.470316692397815e-06, -5.758893993754476e-08, 0.027364290959500694, 0.08284402650866354, 0.0036099801806084627, 43113000000, 
6.003567486847523e-05, -9.9739362540651e-07, 1.6746598207639163e-06, 4.668616023610843e-06, -5.434951932337224e-08, 0.028396621413091978, 0.09139345817765336, 0.004048043532412199, 43317000000, 
6.000687318889944e-05, -9.974109746235676e-07, 1.6794360138560732e-06, 4.715965331071226e-06, -5.028124118986932e-08, 0.025234911585613168, 0.07750745758722417, 0.0009971008884715, 43521000000, 
6.000717106316739e-05, -9.973982068891485e-07, 1.6845245995641344e-06, 1.1740964461621422e-06, -8.388341547521643e-08, 0.027853264167472625, 0.08556349705576277, 0.001802632983552805, 43725000000, 
6.004718713207214e-05, -9.97452889249342e-07, 1.6899373153094062e-06, 3.4323897401176546e-06, -6.185828947741886e-08, 0.025348244420621478, 0.08692448915035213, 0.00104415885988034, 43929000000, 
6.007287359588468e-05, -9.97485590844752e-07, 1.6953661189720256e-06, 2.0368538119077624e-06, -6.827710082289931e-08, 0.014864921150831744, 0.08235565013798346, -0.0006435784575975706, 44133000000, 
6.007143887828754e-05, -9.974834652757008e-07, 1.7011950033112743e-06, 4.519667444880225e-06, -5.974862047511237e-08, 0.015817815609076163, 0.08768881033638365, 0.0007363581312467289, 44371000000, 
6.0049739433593125e-05, -9.975412245501375e-07, 1.7052092840627923e-06, 3.7065047316553192e-06, -6.93602112475205e-08, 0.02366370734425594, 0.08302694203590295, 0.0010085116701577185, 44541000000, 
0.0029108383827569284, -1.7534943903359674e-06, -0.0012761040784081052, 0.049551850922792816, -0.08202734780499989, 0.03568220806981582, 0.08260242376782015, -0.006175605325265507, 44745000000, 
0.019709043716369307, -0.0001755582511595844, -0.017841548291076925, 0.08955342476161102, -0.06677340628719312, 0.05613086623590159, 0.08542408538365592, -0.026786357773271922, 44949000000, 
0.03805478245798775, -0.0006539524071013911, -0.03405599807070468, 0.09007116626582062, -0.06703973825399953, 0.07041491915334173, 0.07105936006537941, -0.048209222940993605, 45153000000, 
0.05639167013081397, -0.001420220970750396, -0.04996104842230903, 0.0900652224517381, -0.08072097847927838, 0.08654000621765956, 0.07668221968338451, -0.05286201978417938, 45357000000, 
0.08098763306671912, -0.0029027216622695487, -0.07081873130490217, 0.09025922896059756, -0.07495084721234084, 0.10475462062157463, 0.08283118919800356, -0.05948876642151181, 45629000000, 
0.09015845228021661, -0.00358718627886757, -0.0784574596826433, 0.08950963442833237, -0.06990454554673094, 0.11913256780616907, 0.08501091061968831, -0.08086403044145289, 45731000000, 
0.10810121423864703, -0.005112540073957139, -0.09055177467804267, 0.08648903585246291, -0.027620580658286042, 0.13475536803197247, 0.07041449769210671, -0.0823005319363934, 45935000000, 
0.12531614207640032, -0.0067192499403014375, -0.09628776483656357, 0.0835046995880427, -0.03571425295843683, 0.14936050635404727, 0.07179440866841853, -0.09689900414443, 46139000000, 
0.14194198958906787, -0.008360541895621743, -0.09949716400929956, 0.08075467327837642, 0.005791954364824928, 0.16889839538452753, 0.07362994463066058, -0.0960974189002705, 46343000000, 
0.15816384462091018, -0.00998403671117027, -0.09962409260326281, 0.07903837204422276, 0.010235466091382268, 0.18713825615326474, 0.07848343172007766, -0.09577882267051177, 46547000000, 
0.17408478071869216, -0.011565779413785032, -0.0986648327003865, 0.07746645705324667, -4.7745417580510526e-05, 0.1998146999809552, 0.06810754069937179, -0.0901644729438315, 46751000000, 
0.18967875667870573, -0.013106690978172743, -0.09865692307143863, 0.07594652140031205, -0.007968987511391573, 0.22959606951526149, 0.07801662816663009, -0.09708998275697364, 46955000000, 
0.20496129325821513, -0.014626382331197847, -0.0992859338899552, 0.07455920578111333, 0.0019197832624666203, 0.22634762202626976, 0.058577077101481405, -0.09912454095278357, 47159000000, 
0.217472142695986, -0.01587390850954885, -0.09949288417354865, 0.07245427228054813, -0.009322364316305773, 0.24655742118147841, 0.06009748128902444, -0.10293301806775274, 47329000000, 
0.2320951845338556, -0.01734672791960726, -0.10074708179329234, 0.07162163354344236, 0.018742857249308048, 0.2594735048984991, 0.07693443022011545, -0.09864525626447035, 47533000000, 
0.24655332551360795, -0.0187835798711994, -0.0974774505357688, 0.07045202878743166, 0.011985442426841108, 0.2765887132562281, 0.06919363235962023, -0.09562138933782889, 47737000000, 
0.26073893356163413, -0.02015343634644632, -0.09608570387061051, 0.06927382623382386, -0.01904501671548781, 0.28829332283386716, 0.07266841205569838, -0.09194400133451502, 47941000000, 
0.27467709504228927, -0.021508169339215358, -0.09743229043163384, 0.06782556790914296, -0.0027369837233504665, 0.29602571620228807, 0.06481291693426837, -0.1009026914458692, 48145000000, 
0.2883299618981067, -0.02285117508726973, -0.09901841501866517, 0.06658443601082308, -0.016682073046766305, 0.3166616156054108, 0.06059053441443548, -0.09557712251867449, 48349000000, 
0.30177124117188747, -0.024202527814104837, -0.1005672894857918, 0.06575686168769089, 0.00963781215877646, 0.3389053876539542, 0.058388710101783335, -0.10243734998870847, 48553000000, 
0.3149946502249227, -0.02553493028674041, -0.10030339247584895, 0.06423620320780095, -0.00016775838322837818, 0.343565789675779, 0.043895891577255035, -0.10128335164022872, 48757000000, 
0.32575298028167127, -0.026616785206822816, -0.10004984912025032, 0.06227837528278842, 0.007718189281787902, 0.35795584816919274, 0.059506917696424334, -0.10237452169599387, 48927000000, 
0.3383121297688512, -0.02786837474351438, -0.09837263741372815, 0.061177217291250155, 0.02440153775571727, 0.3660603153981178, 0.037829777118368095, -0.09065927496882507, 49131000000, 
0.3506670886226667, -0.02905887453493554, -0.0948685982762054, 0.06025909229021693, -0.008212381302322297, 0.3812243581851879, 0.05574887747679792, -0.09372903724930322, 49335000000, 
0.3628162885889919, -0.03020947600027636, -0.09305103381901995, 0.0592202430063411, 0.02762059654222444, 0.4000087572960196, 0.05516518971029647, -0.08927098659146633, 49539000000, 
0.374764372874206, -0.031304196394701264, -0.09070744501271902, 0.05822127921375255, -0.012609943884564207, 0.4073578528485007, 0.058071123262277986, -0.09033330848260694, 49743000000, 
0.38645561158015795, -0.03236991803007383, -0.09140828339624847, 0.05668402239755632, -0.010671680447377164, 0.41198371764813174, 0.0601715425497107, -0.08713053066710093, 49947000000, 
0.3978668010029494, -0.03342579357875787, -0.09331792887146179, 0.055730859470186835, -0.013565059156697748, 0.4248524379561107, 0.047016950451729086, -0.0976850552982655, 50151000000, 
0.4091337217588276, -0.03449441783098273, -0.0961698287984619, 0.05526197481892513, -0.021099627135871785, 0.4318452977616038, 0.04256547508566895, -0.0959660182967156, 50355000000, 
0.41843616885660445, -0.03540558261177452, -0.09880451135905005, 0.054157200062679954, 0.01110393010757078, 0.4441219262926163, 0.03862900868814539, -0.09255312899564827, 50525000000, 
0.429385028081417, -0.036479883990405984, -0.09702701534445608, 0.05336745322608843, 0.008502368592716249, 0.4608695357634568, 0.04589046613172523, -0.0959397768056006, 50729000000, 
0.44013776153486683, -0.03751414684935214, -0.09466127566007827, 0.05237079052902625, 0.012883169753036272, 0.4721143487257268, 0.047434737199398905, -0.09632555947985995, 50933000000, 
0.45065785407655157, -0.03850079823714223, -0.09282985384691742, 0.05100231852308634, -0.0020773154903933073, 0.47906293263662947, 0.04968983656323809, -0.09118074019000051, 51137000000, 
0.4609173194007829, -0.0394533074949462, -0.09250579819541456, 0.04992619586205455, -0.002850032004437202, 0.49128734225965937, 0.041313569214511445, -0.09124885945147777, 51341000000, 
0.47098430813034936, -0.040389162150265286, -0.09333544347155862, 0.04917014451546044, -0.013975045449834645, 0.5022180735058608, 0.048552351138897845, -0.08918194103617048, 51545000000, 
0.48089161947818915, -0.04132550630497661, -0.09456999517599891, 0.04818313703624947, 0.006446155804426188, 0.5066239449854921, 0.03357637958506938, -0.0949263631755072, 51749000000, 
0.49058683634466255, -0.0422456195495584, -0.09541846867777014, 0.047200635574903796, -0.020544290250391315, 0.5270620234733706, 0.044498435479168805, -0.09560574914906236, 51953000000, 
0.4985343538964193, -0.04301453930681833, -0.0971577497096634, 0.04652629825093602, 0.020319160469985196, 0.5301655131894082, 0.03185941671196974, -0.09477503210435936, 52123000000, 
0.50792169435064, -0.043912907004420555, -0.09422872729332232, 0.045156979407129066, -0.012222795430788577, 0.5382303988064826, 0.03847283340851863, -0.09362914689677083, 52327000000, 
0.5170186633287276, -0.044779054962355826, -0.09433066387767276, 0.04430248416973672, 0.02633236322064453, 0.5498139624734899, 0.03551875819091136, -0.08867760599097277, 52531000000, 
0.5259793085442268, -0.04561537741022153, -0.09245026188295882, 0.04381681022115777, -0.005768810285339259, 0.5564883525784985, 0.02943241330260538, -0.0935224584128322, 52735000000, 
0.5347958728506045, -0.04643141396887436, -0.09219966493010355, 0.04282108641256608, -0.0006214820713966625, 0.5635331058788691, 0.037185576513141104, -0.09306282090228886, 52939000000, 
0.5434251600225434, -0.04722873865991834, -0.09129194597422874, 0.04201381624181861, 0.020591723876861232, 0.5729043790914831, 0.036685551344256974, -0.08708538634180335, 53143000000, 
0.551916706453803, -0.047995736889465, -0.08958864108753889, 0.0414772688036967, -0.008833065219202981, 0.5755696475386993, 0.0337541632398693, -0.08382699998458547, 53347000000, 
0.5602818600087085, -0.04874828551169153, -0.09016420722708489, 0.040715586328294466, -0.010133661238960643, 0.5849804096828556, 0.03244565499617236, -0.0898873806061694, 53551000000, 
0.5685106030555855, -0.04949833873816969, -0.09150161748714014, 0.04029680824307321, -0.003788607291690028, 0.6001459926002597, 0.02304829834598518, -0.08927683297115577, 53755000000, 
0.5753011415315479, -0.050124374550685774, -0.09227582627242298, 0.039620126927953775, 0.0013532955115007465, 0.5981289668093553, 0.027119875465005428, -0.08780680220041077, 53925000000, 
0.5832858435259766, -0.05086199332070628, -0.09175514461809146, 0.03835172708082955, 0.01780734798284975, 0.6074863817047318, 0.025571582240822413, -0.08668610142945196, 54129000000, 
0.5910272672741346, -0.05156086049363881, -0.08883687821228708, 0.038044987582525794, 0.001670504007900515, 0.609736652721664, 0.024284538646764987, -0.0855651668057551, 54333000000, 
0.5987233482202841, -0.05224059688392951, -0.08724186323750607, 0.03749595960347765, 0.008631866916198367, 0.6242296440984126, 0.026557801636438495, -0.09003181947257739, 54537000000, 
0.6063045512574567, -0.05289772507669892, -0.0855359601105327, 0.03709258963227926, 0.010084946393000407, 0.636389002072845, 0.03156659091857361, -0.08537022852988511, 54741000000, 
0.6100725074257239, -0.05321913726474342, -0.08458791205873262, 0.03707953469169922, 0.009542580814317112, 0.6430457387771358, 0.03789048872146117, -0.08203358896156496, 54843000000, 
0.6210300253793927, -0.05413788169915219, -0.08372972327024569, 0.03505948189306975, -0.01877480746520549, 0.6517959262616217, 0.021590211016932634, -0.09067239880669208, 55149000000, 
0.6280940047572613, -0.05473903468430201, -0.08706232495359564, 0.03444760341285448, -0.03736861938185303, 0.6556842273618537, 0.030107286316409538, -0.08331241625949998, 55353000000, 
0.6338812428664721, -0.055257640616709895, -0.09121555210205456, 0.03349412503003453, 0.020208879454031162, 0.662407622221301, 0.027536445572557435, -0.09398859383326798, 55523000000, 
0.6406597115326782, -0.055866096685197306, -0.08863412445900765, 0.033132066132161665, -0.02234680471822899, 0.6647083332182833, 0.030322942714454137, -0.08941381325043313, 55727000000, 
0.6473411789250547, -0.05647048192451986, -0.09086141854259933, 0.03251819789537618, 0.009220625468042754, 0.6751367127752592, 0.03550227832986727, -0.09129381898178326, 55931000000, 
0.6539223035978072, -0.05707090255663357, -0.09173189590122532, 0.03227387777390857, -0.016555991971969792, 0.6761065535865036, 0.027765846425528387, -0.09228163332609546, 56135000000, 
0.6604253233653058, -0.057676385956125086, -0.09479837434986757, 0.031608098260865906, -0.03097379125540508, 0.6821198063169374, 0.029155593043290663, -0.096576025814911, 56339000000, 
0.6667995889692465, -0.05829697450457111, -0.09845864084389364, 0.03116585214508316, 0.0036794877705180547, 0.6946208218962995, 0.01845979939093447, -0.10178218561338406, 56543000000, 
0.6731000240536336, -0.058923207763534914, -0.09980406486471034, 0.03079014566937511, -0.007184982261486832, 0.7077917547523334, 0.027567416888640842, -0.10302542740740024, 56747000000, 
0.6792660355707684, -0.05954314710700227, -0.09921467482911125, 0.02972873293041153, 0.03450838508918518, 0.7012740366132993, 0.017907626493951043, -0.09589554751566913, 56951000000, 
0.68423735747021, -0.06002976428049988, -0.09612256425163285, 0.028692013338294693, -0.011020312382844774, 0.7144298715521638, 0.016614530061657702, -0.09169622150049847, 57121000000, 
0.690033559744869, -0.06059256337300683, -0.09689682272712206, 0.02861875710489675, 0.02312531986712016, 0.7131617781789426, 0.02051436399449648, -0.0959207673412693, 57325000000, 
0.6958023911133556, -0.06114243111270025, -0.09338757912714998, 0.02796633361768066, 0.010239335749125781, 0.7278523281169923, 0.020231436684215353, -0.09210300306329633, 57529000000, 
0.7014417988058581, -0.06166309530043812, -0.09094479048774826, 0.027693277451159216, 0.0045229191099534945, 0.7352579868489774, 0.01832131742132618, -0.09129856900149776, 57733000000, 
0.707010302011316, -0.0621671872696489, -0.08981324388614018, 0.026818278824870596, -0.0014107723414031705, 0.7331389973709975, 0.02668450376706661, -0.08996456412953126, 57937000000, 
0.7123796079260991, -0.06265004135843177, -0.08931726879079832, 0.025969604609677267, 0.005691985093834731, 0.7376539068178308, 0.023171310341143482, -0.0879546881835063, 58141000000, 
0.7176422993713915, -0.06312034130674028, -0.09014400818969673, 0.025997053840708714, -0.03195178470046262, 0.753368709585085, 0.021162401138772904, -0.09056363937578174, 58345000000, 
0.722905700534427, -0.06360615668535079, -0.09367970013879541, 0.02573488819449007, -0.010128826525688677, 0.7498888888223618, 0.0045920416641445794, -0.09320499169134462, 58549000000, 
0.7272151464525178, -0.06401612193138954, -0.09598708779309793, 0.02463556643236031, -0.010812918431641843, 0.7521288773788926, 0.01785038630800975, -0.09520803587124585, 58719000000, 
0.7321753707004172, -0.06449822958198373, -0.09704431644752945, 0.02419981801783409, 0.05149152232773023, 0.7577465040774054, 0.016351924148148, -0.09572292246427214, 58923000000, 
0.7370957154436685, -0.06495294307883238, -0.08811117029020733, 0.024290237696982894, -0.007225990411893141, 0.7718715959366689, 0.02913260794246244, -0.08569815727696208, 59127000000, 
0.7419971271906238, -0.06538600982587585, -0.08747490786928201, 0.02385524514657694, 0.014616143376118811, 0.7675853781185754, 0.015080149089857263, -0.08969802356228727, 59331000000, 
0.7467795865472446, -0.06580338483395445, -0.08953696662885842, 0.02305724272584238, -0.07307959643003326, 0.7708092196018379, 0.017759736937455774, -0.09077366570877675, 59535000000, 
0.7514171539503692, -0.06623872673699065, -0.09528254395621286, 0.02269618480693223, 0.028259519220125012, 0.783217862179359, 0.008645071865529999, -0.09536663708137393, 59739000000, 
0.7560335929514245, -0.06667958492219898, -0.09545767277448765, 0.02266243809304048, -0.008170278232932702, 0.7752724180853979, 0.005071172887383071, -0.09530537890043164, 59943000000, 
0.7605623464590099, -0.06711365130751007, -0.09409480635245514, 0.021647860459123737, 0.041045866027145696, 0.78148823054628, 0.01581525090834489, -0.09600538492894475, 60147000000, 
0.7649561866341746, -0.06751667759332004, -0.08787386525272116, 0.021779032182097247, 0.04754242820342712, 0.7955309245377425, 0.012016059512376165, -0.08669196048859898, 60351000000, 
0.7686543777669014, -0.06783028643069684, -0.08157559348020685, 0.021733231328040906, -0.003415873915240703, 0.7957094334723057, 0.011590575048343136, -0.08407391765194734, 60521000000, 
0.773028981532274, -0.06818854644573354, -0.08136432944563397, 0.020656027486167603, 0.009282001781116758, 0.7938940866780466, 0.012908371256159191, -0.07607959530304793, 60725000000, 
0.7771851754678488, -0.06852565629531474, -0.08046724591575846, 0.02027385124962661, 0.002777406044865088, 0.7921998525941697, 0.014721948615811947, -0.08088790026932499, 60929000000, 
0.7813167103709755, -0.06885777258576734, -0.08042249524028465, 0.02042180081603386, -0.0123808547125248, 0.8056351119766487, 0.016346946389708707, -0.08462087119179684, 61133000000, 
0.7854808037009853, -0.0691964567799923, -0.08196929839617585, 0.02058912198931213, -0.010208836951650832, 0.8162728479082109, 0.010940304722510926, -0.08554677272202726, 61337000000, 
0.7896155074316081, -0.069540244927848, -0.08441186588372887, 0.019815622249883705, -0.020835886114217782, 0.8261403622780951, 0.016636639457342235, -0.08630538463454854, 61541000000, 
0.7935500813491598, -0.06987920622655862, -0.086660585416014, 0.018746979485562636, 0.00938341233706619, 0.828698378391191, 0.010970163661099711, -0.0822499852802604, 61745000000, 
0.797283623881079, -0.0702041703224243, -0.08843980955936646, 0.01795163972756312, -0.03891925714144225, 0.8204449231221339, 0.012581387293047874, -0.09189598333688834, 61949000000, 
0.800284015516353, -0.07047596055246862, -0.09240791138795669, 0.017394928841904116, -0.000378945203473866, 0.8301170969460492, 0.006597850062312713, -0.09091775400083073, 62119000000, 
0.8038302476248386, -0.07080589697572971, -0.09343375599261121, 0.017847994338274616, -0.004071640632808792, 0.8346988044350101, 0.013220189416600426, -0.0929485272529104, 62323000000, 
0.8074315058306804, -0.07114330233162873, -0.09235869930766685, 0.01738686315807481, 0.02900743712563447, 0.8331161381613841, 0.015135995276304572, -0.09221747645937238, 62527000000, 
0.8109188058044924, -0.07146061724313815, -0.09053855547290536, 0.01696221851288952, -0.023568247955105957, 0.8413317766174689, 0.014247305728257895, -0.08991101584300466, 62731000000, 
0.814351691451836, -0.07177515109229084, -0.09290055571225424, 0.016955343493388408, -0.022428621094569366, 0.8433859215796659, 0.016021004226375216, -0.08857248915458327, 62935000000, 
0.8177629080095563, -0.07209907456673076, -0.096801628273599, 0.016490179592242638, -0.021160019326039708, 0.8454623620498507, 0.009417456141370904, -0.09646715838402274, 63139000000, 
0.8210738210089275, -0.07242733492958926, -0.10170359130990712, 0.01617637355924792, -0.035935937268882286, 0.8493916500152102, 0.014446067588243062, -0.10244998951178128, 63343000000, 
0.8243290565466455, -0.07276837661913237, -0.10551562844678936, 0.01584646827142358, 0.022611601117461636, 0.8523755346553766, 0.00524144590175284, -0.10005344255960114, 63547000000, 
0.8269978942736086, -0.07305025064546818, -0.10512233898353353, 0.015623399605822427, -0.022799515351405817, 0.8525439608817524, 0.0037207258013818765, -0.10633895711260474, 63717000000, 
0.8301480028208637, -0.07338780966531978, -0.10779142678685565, 0.015204947557042998, 0.03494563639203965, 0.8628229660764385, 0.010152970731221012, -0.1003660645700994, 63921000000, 
0.8332177977006598, -0.07371047312307592, -0.10108439412209604, 0.015054239658930236, 0.040132619907029946, 0.8546540613552216, 0.008943922759431388, -0.09577837847459161, 64125000000, 
0.8362376707285889, -0.07400639433224171, -0.09606610204235595, 0.014568441933355348, -0.022216741956631952, 0.8601129144382182, 0.010220562672504567, -0.09808703515097626, 64329000000, 
0.8391870419156063, -0.07429090660073424, -0.09598319804864645, 0.014746831634310838, 0.006293146100921005, 0.8703588233982387, 0.01419918832884583, -0.09033517971229615, 64533000000, 
0.8421858374593496, -0.07457927308327986, -0.09593171354088693, 0.014650161782594755, -0.006919958319923375, 0.8707807534143471, 0.007462838290466998, -0.09545546637737083, 64737000000, 
0.8451045366351457, -0.07486189079360529, -0.09898798210175619, 0.013978521213048423, -0.05439866326582322, 0.8780757628245086, 0.0014756314196475585, -0.0997621192766525, 64941000000, 
0.8478940708902046, -0.07514836855349902, -0.10381488644784578, 0.013524412296304439, 0.022237169261705693, 0.8767285309928592, 0.0011075969625963396, -0.09871495840110843, 65145000000, 
0.8501633214014459, -0.07538472426613586, -0.10294739311347322, 0.012981838101891312, 0.037226617114184964, 0.881856455208874, 0.005350571743541697, -0.09996001901700965, 65315000000, 
0.8527772463494074, -0.0756444975545249, -0.09484535988573133, 0.012832322272365904, 0.03623646243962735, 0.8767613816935279, 0.004591694895485577, -0.09559996120490302, 65519000000, 
0.8553693247606984, -0.07588175227473727, -0.0885589858086636, 0.01263880266801093, 0.0015881524396983392, 0.8834887076924222, 0.009207049264447337, -0.08529373395053472, 65723000000, 
0.8579366353676624, -0.07610618400234301, -0.08544991188713953, 0.012786143398620702, 0.01817960224539238, 0.8858619089815026, 0.012781903468359007, -0.08721215115479884, 65927000000, 
0.860530324986208, -0.07632522790655111, -0.08481393482842721, 0.012641238634779738, -0.04132822136267145, 0.8887359541029682, 0.011516891024413795, -0.08154832956055214, 66131000000, 
0.863065626302784, -0.07654648622772794, -0.09075010699087174, 0.012380507709552018, -0.055457806945626735, 0.8921803546443247, 0.00383724702570604, -0.09250272194355134, 66335000000, 
0.8655553819654559, -0.07678398003525622, -0.09987008757343083, 0.0121215545360067, -0.04383569225006454, 0.8950504255136045, 0.01143525696475336, -0.10099462478029284, 66539000000, 
0.8679784314667087, -0.07703639570100108, -0.10527426717531435, 0.011628403373505817, 0.037226432669306184, 0.8964088077996377, 0.0059867476768740045, -0.10326060616676284, 66743000000, 
0.8699373096023081, -0.07724213012475604, -0.10440604103059979, 0.011535515900784145, -0.04604574316408492, 0.8899760313871482, 0.010701498399404614, -0.10523430128960527, 66913000000, 
0.8722605235953311, -0.07749367517191566, -0.11108799242292226, 0.011245347314298937, 0.01458379103453143, 0.9016973133766527, -0.00244335931883184, -0.11513007324434842, 67117000000, 
0.8745519330470181, -0.07774741599742539, -0.11038621519926638, 0.011688578879961975, -0.028855405044802836, 0.8946451255287964, -0.00708065096822845, -0.11431291212644523, 67321000000, 
0.8768765977209765, -0.07800885005407517, -0.10887226180739082, 0.010833948027538357, 0.1137345162063875, 0.9031917845403972, -0.005338933069510935, -0.10414627464487405, 67525000000, 
0.8790729944314151, -0.07823455728290468, -0.09323646533357598, 0.010910119824418816, 0.11515689781856228, 0.9012460683014497, 0.0036566256489382176, -0.08405117720517555, 67729000000, 
0.8812829610215643, -0.07842046386012695, -0.07404941924669871, 0.010639399908966557, 0.06967881790250866, 0.9016921323092237, 0.0005087790172849082, -0.07020460105198627, 67933000000, 
0.8823549461929515, -0.07849629725072996, -0.06564654533147879, 0.010517719229433425, 0.07606873050087846, 0.9121546645116081, 0.0036204490166202676, -0.05502341473355944, 68035000000, 
0.8856144143759243, -0.07870146945361857, -0.061542931526357314, 0.010681329119975274, 0.01597734605073147, 0.9064702264063311, 0.003811228446246363, -0.05856804448052202, 68341000000, 
0.887750438029933, -0.07883243217381895, -0.06236598685681156, 0.01015248296550123, -0.0489994897868334, 0.9196306655520445, 0.00785424190028113, -0.06345590154476055, 68545000000, 
0.8894527004721706, -0.07894293914035203, -0.06727065896885887, 0.010171711729892579, -0.019727581812865835, 0.9167141305541489, 0.005747874607399917, -0.0659864343893326, 68715000000, 
0.8915111400704134, -0.07908691172946203, -0.07306230399253867, 0.009613924267864043, -0.0706445400208555, 0.916657910104034, 0.003402364072755688, -0.0747797416369155, 68919000000, 
0.8934338986885162, -0.07923972212218623, -0.08512889188554303, 0.009377548576794964, -0.02766332663489865, 0.9133706229688874, 0.009377047734462183, -0.08747127398485859, 69123000000, 
0.8953467544971554, -0.07941030665331858, -0.09206272575236789, 0.009379745145101011, -0.004251822453556381, 0.9143313443651481, -0.0009134388181012688, -0.09656905065626233, 69327000000, 
0.8972771310794455, -0.07959153911429775, -0.09763840938240739, 0.009730568497516044, -0.0646894029696766, 0.9239150344094287, 0.003233147745114562, -0.09774740278394606, 69531000000, 
