x, y, theta, stamp, 
0.016879541589723802, 1.5863376485354597e-05, 0.003087173041231689, 4862000000, 
0.016880021388057227, 1.5864734676854796e-05, 0.003087179388742577, 4896000000, 
0.018032006053778245, 1.9408043508631605e-05, 0.003090688559808616, 4998000000, 
0.028423779635657183, 5.150035432807019e-05, 0.0031085848949707296, 5100000000, 
0.04921469972053279, 0.00011618200296541053, 0.0031244399984064865, 5202000000, 
0.07986834418128931, 0.00019939748908382962, -0.0005420891760213016, 5304000000, 
0.11643874773296534, -0.0008380688758778868, -0.0649655168335862, 5406000000, 
0.15800005919276772, -0.006045363165352735, -0.1931782643131206, 5508000000, 
0.20271625953455574, -0.019131705258491276, -0.3821710558849581, 5610000000, 
0.24461544021143858, -0.0408423278990524, -0.5741717530386897, 5712000000, 
0.28155391074832375, -0.07021340774931166, -0.7675907370302978, 5814000000, 
0.3121550892319484, -0.10614289744964901, -0.9613270064961512, 5916000000, 
0.3351037806091826, -0.14693467823147577, -1.1581054683627616, 6018000000, 
0.34923977563145836, -0.19122065551326728, -1.362510631404002, 6120000000, 
0.3536612335474761, -0.22224833105057168, -1.4936532051417044, 6188000000, 
0.3531249611228094, -0.2675642752094974, -1.6650357317764812, 6290000000, 
0.3460635350916366, -0.31067811261944545, -1.7869985466942941, 6392000000, 
0.33492421630596214, -0.35401793312405505, -1.8495951892902553, 6494000000, 
0.3220867863616457, -0.39707580638988493, -1.8645722287497488, 6596000000, 
0.3092298630022663, -0.4410288993946261, -1.8422440298409826, 6698000000, 
0.2974010384042067, -0.4866306020640415, -1.808563005298456, 6800000000, 
0.28667734194348177, -0.5326069273270011, -1.7933901511375867, 6902000000, 
0.27612038822089724, -0.5784240800162915, -1.802922353491342, 7004000000, 
0.2645918584790353, -0.6239890379055093, -1.8305214748674346, 7106000000, 
0.25183568779171583, -0.6692189372145406, -1.858178093526955, 7208000000, 
0.238225119824188, -0.7141673347583455, -1.8729086436416087, 7310000000, 
0.2243238032490726, -0.7589782609685161, -1.868517064007859, 7412000000, 
0.2108972934950276, -0.8039011107796338, -1.854084415403667, 7514000000, 
0.19812583323830438, -0.8490037168261844, -1.8399071240515983, 7616000000, 
0.18575430765225812, -0.8942251417891356, -1.835095583631932, 7718000000, 
0.17334550316373898, -0.9394457276885311, -1.8407009804803023, 7820000000, 
0.1648831786607822, -0.9695484934369327, -1.8489860557893456, 7888000000, 
0.15182839783409535, -1.0145955933372177, -1.857581299511395, 7990000000, 
0.13847875700193865, -1.0595476199796248, -1.8597301576445429, 8092000000, 
0.12517150513333333, -1.104506764552444, -1.8571829928925585, 8194000000, 
0.11206773980151405, -1.149519207645182, -1.8518474077286895, 8296000000, 
0.09917370294735088, -1.1945964676748222, -1.8477210568504037, 8398000000, 
0.08637426341267995, -1.2397109146643617, -1.8470240428448004, 8500000000, 
0.07352319714927272, -1.2848238812871795, -1.849392710289796, 8602000000, 
0.060538197312247854, -1.3299088926274771, -1.852847497217968, 8704000000, 
0.04742924928858397, -1.3749662250104944, -1.855063528789218, 8806000000, 
0.03427452260617483, -1.4200171571978182, -1.8550141253152717, 8908000000, 
0.021159986320733768, -1.4650861824915975, -1.8532079481358052, 9010000000, 
0.008128591722055337, -1.5101841149837112, -1.8510688943481919, 9112000000, 
-0.00482933339933479, -1.5553034635416336, -1.8499678520590126, 9214000000, 
-0.017775182792575422, -1.6004318551547434, -1.850322710032814, 9316000000, 
-0.030760828857580483, -1.645553473121259, -1.8516214821235095, 9418000000, 
-0.039448963794070646, -1.6756273926839518, -1.8525761339900084, 9486000000, 
-0.05252063756056298, -1.7207263070480587, -1.8532410908081052, 9588000000, 
-0.06560368314905664, -1.7658102403441343, -1.853043131812195, 9690000000, 
-0.07866620734312017, -1.8108880627943615, -1.8524618172039542, 9792000000, 
-0.09169469315494541, -1.8559644577622343, -1.8518548276303166, 9894000000, 
-0.10469939158814333, -1.9010371120541003, -1.851551467895952, 9996000000, 
-0.11769827109614371, -1.9461009683618153, -1.8516640247155804, 10098000000, 
-0.13070466685613555, -1.991151677950738, -1.8519963070373833, 10200000000, 
-0.1437247415974337, -2.036197803998267, -1.8523081561477348, 10302000000, 
-0.1567550970116333, -2.0812454771218403, -1.852408673653716, 10404000000, 
-0.16978588598157257, -2.1262972562805165, -1.8522795998925297, 10506000000, 
-0.18280985065667824, -2.171355679815919, -1.8520443586855557, 10608000000, 
-0.19582591720635903, -2.216421292597642, -1.8518656472529296, 10710000000, 
-0.20883888385671662, -2.261492884223994, -1.851832428134564, 10812000000, 
-0.22185500883882628, -2.3065685844582364, -1.8519340645750948, 10914000000, 
-0.23487778984565968, -2.3516470883080913, -1.8520804541068783, 11016000000, 
-0.24790651339429887, -2.3967283156453254, -1.8521751434406222, 11118000000, 
-0.2565943539309241, -2.4267842513964495, -1.8521680778908953, 11186000000, 
-0.26962611124893915, -2.4718717428038666, -1.8521093745038708, 11288000000, 
-0.2826556889458454, -2.5169641864561365, -1.8520299795433846, 11390000000, 
-0.29568340826432227, -2.5620615061342105, -1.8519873999835004, 11492000000, 
-0.3087114679880625, -2.607163048872775, -1.8519915242640161, 11594000000, 
-0.32174158787649665, -2.6522679625540255, -1.8520284083984708, 11696000000, 
-0.33477189839813826, -2.697367093059829, -1.8520678432108642, 11798000000, 
-0.3478004609086877, -2.742455406823861, -1.8520838342774733, 11900000000, 
-0.36082595294272934, -2.7875333123494452, -1.8520715700955346, 12002000000, 
-0.37384760435469905, -2.832601037210313, -1.8520430489697903, 12104000000, 
-0.386864901102749, -2.8776587758537695, -1.8520184231086885, 12206000000, 
-0.3998795340804582, -2.922710196535672, -1.852012537102372, 12308000000, 
-0.412895336308568, -2.967765248224302, -1.8520193343662403, 12410000000, 
-0.42591298250369153, -3.012825370600982, -1.852039538251549, 12512000000, 
-0.4389325028714934, -3.0578896756885485, -1.852050372645674, 12614000000, 
-0.45195358942115926, -3.102958539694668, -1.8520533304866005, 12716000000, 
-0.4606349450573592, -3.1330069012246606, -1.8520459553972712, 12784000000, 
-0.4736575611583465, -3.178083243150189, -1.8520351233244647, 12886000000, 
-0.4866810724105446, -3.22316396257898, -1.8520272650776484, 12988000000, 
-0.49970543097835346, -3.268248999097265, -1.852025849758217, 13090000000, 
-0.5127312256465326, -3.313338112497078, -1.8520298228632908, 13192000000, 
-0.5257584124109522, -3.3584312060888104, -1.8520356845516495, 13294000000, 
-0.538787076372104, -3.4035282031759166, -1.8520395294263756, 13396000000, 
-0.551816416190643, -3.448626894982206, -1.8520393833803044, 13498000000, 
-0.5648432024084447, -3.4937168747140457, -1.8520363617590827, 13600000000, 
-0.5778669483574664, -3.5387964612486744, -1.8520327532387237, 13702000000, 
-0.5908874776337559, -3.5838657358628776, -1.8520311305560038, 13804000000, 
-0.6039051079613356, -3.628924822517122, -1.8520319657633961, 13906000000, 
-0.6169221482423086, -3.6739825225143314, -1.8520365746002554, 14008000000, 
-0.6299407039159788, -3.719044690259545, -1.8520357362124757, 14110000000, 
-0.6429604820951134, -3.7641116037937197, -1.8520364524345514, 14212000000, 
-0.6559814888277276, -3.809183065753716, -1.852034777633225, 14314000000, 
-0.6690036816306894, -3.8542589107278857, -1.852032187529505, 14416000000, 
-0.6776857654795906, -3.8843119177438097, -1.852032137989496, 14484000000, 
-0.6907100132291585, -3.9293949338434793, -1.8520313668512696, 14586000000, 
-0.7037353935223167, -3.974482160964174, -1.8520321856923543, 14688000000, 
-0.7167621702221768, -4.019573435299402, -1.852032517492777, 14790000000, 
-0.7297898534992904, -4.064667926031079, -1.8520327690596146, 14892000000, 
-0.7428158396000977, -4.10975591358253, -1.8520325941758649, 14994000000, 
-0.755838769612672, -4.154833505977485, -1.8520322457947826, 15096000000, 
-0.7688587075235632, -4.1999007191538595, -1.85203216097869, 15198000000, 
-0.7816471320417288, -4.244138053031729, -1.8537892332596166, 15300000000, 
-0.7938182173118118, -4.285667964196691, -1.856049078559203, 15402000000, 
-0.8052434290359276, -4.3241901558668, -1.8589776798362703, 15504000000, 
-0.815968565679788, -4.360041089361472, -1.861023522227407, 15606000000, 
-0.8261147218256296, -4.393819482019727, -1.861561474413877, 15708000000, 
-0.8357588083973322, -4.425956072324113, -1.860625805916112, 15810000000, 
-0.8449044733557537, -4.456575514464091, -1.858977550877021, 15912000000, 
-0.8535442350656561, -4.4856607755896984, -1.8575147781386983, 16014000000, 
-0.8616892981379655, -4.513189519753551, -1.8567953567212452, 16116000000, 
-0.8669164577216374, -4.530855985450047, -1.8580399941855152, 16184000000, 
-0.8743098818726721, -4.555891243620344, -1.8580336764021448, 16286000000, 
-0.8812305036248412, -4.579329428494564, -1.8576457567757594, 16388000000, 
-0.8878903468612018, -4.602144386469352, -1.854980225510325, 16490000000, 
-0.894113595737506, -4.623508528038866, -1.8509188950833328, 16592000000, 
-0.8998948250766768, -4.643668741433046, -1.84791927120597, 16694000000, 
-0.9052896950890928, -4.662695659022832, -1.8460134947799098, 16796000000, 
-0.9103680619185174, -4.680685805441969, -1.8456626860542045, 16898000000, 
-0.9151867650076765, -4.697756706760735, -1.8460276401557105, 17000000000, 
-0.9197587776132825, -4.71393246215727, -1.8463918301518796, 17102000000, 
-0.9240897350021537, -4.7292505568531285, -1.8462461564336563, 17204000000, 
-0.9281810522625407, -4.7437461678301, -1.8455388379372477, 17306000000, 
-0.9320406177515954, -4.757462899345043, -1.8446353010446983, 17408000000, 
-0.9356826183160694, -4.770445554557571, -1.8439467571485235, 17510000000, 
-0.9391237588535288, -4.782733250372667, -1.8437218519343725, 17612000000, 
-0.9423804001140959, -4.794362978163533, -1.843907392588119, 17714000000, 
-0.9444741387379948, -4.801834559882773, -1.8441811017977878, 17782000000, 
-0.9474497257982434, -4.812443167047484, -1.8444200496013512, 17884000000, 
-0.9502680682760818, -4.8224853126305325, -1.8444439521322322, 17986000000, 
-0.9529514274437618, -4.832048532108666, -1.8442778946976215, 18088000000, 
-0.9554853816249803, -4.841087817896749, -1.8440440695172982, 18190000000, 
-0.9578679774098052, -4.849594763961864, -1.8438548381252609, 18292000000, 
-0.9601184993564545, -4.8576341352774115, -1.8438000310165077, 18394000000, 
-0.962247879418465, -4.865240648539273, -1.843864530335764, 18496000000, 
-0.9642668861180171, -4.87245081622984, -1.8439799440745346, 18598000000, 
-0.9661806688135569, -4.879282818460492, -1.8440630304208756, 18700000000, 
-0.9679924838699545, -4.885749845704915, -1.8440706319471103, 18802000000, 
-0.9697065095192934, -4.8918685671383955, -1.844014268207925, 18904000000, 
-0.9713277003659759, -4.897657403669003, -1.8439392275417226, 19006000000, 
-0.9728616303012398, -4.903136127447409, -1.8438938463295464, 19108000000, 
-0.9743134328388057, -4.9083219420509, -1.843898687464206, 19210000000, 
-0.975687670035768, -4.913230352610621, -1.8439431112552354, 19312000000, 
-0.976570616360214, -4.916383563672642, -1.8439830136987805, 19380000000, 
-0.9778243340008952, -4.920860240860803, -1.8440202540784008, 19482000000, 
-0.9790110716904679, -4.9250972655243395, -1.8440303111927616, 19584000000, 
-0.9801413288005502, -4.929132840466654, -1.844020929739588, 19686000000, 
-0.9812097365458113, -4.932947754839491, -1.8440064053004257, 19788000000, 
-0.9822152023297598, -4.936538060114709, -1.8439984214814023, 19890000000, 
-0.9831653069878767, -4.939930780095176, -1.8440054871598, 19992000000, 
-0.9840640838949409, -4.943139723718637, -1.8440247099911544, 20094000000, 
-0.9849162130296211, -4.9461817397275905, -1.8440469485466686, 20196000000, 
-0.9857237001248844, -4.949064544417039, -1.8440636859778103, 20298000000, 
-0.9864882327613187, -4.95179352734572, -1.844069978155025, 20400000000, 
-0.9872115967691474, -4.9543756258953575, -1.8440666912044252, 20502000000, 
-0.9878958245647631, -4.956817980537192, -1.844063230512001, 20604000000, 
-0.9885434374587466, -4.959129143225183, -1.8440645262610045, 20706000000, 
-0.9891566165811954, -4.961316987628105, -1.844073234050405, 20808000000, 
-0.9897372430342617, -4.9633880977211, -1.8440867407356651, 20910000000, 
