e, e_dot, e_int, stamp, 
5.099257037074899, 0.0007552374553002986, 0.6934784147535291, builtin_interfaces.msg.Time(sec=57, nanosec=838000000), 
5.10130859655808, 0.007593756556572018, 1.0403725350192377, builtin_interfaces.msg.Time(sec=57, nanosec=940000000), 
5.105473215929997, 0.020720596183660216, 1.0408106417702823, builtin_interfaces.msg.Time(sec=58, nanosec=42000000), 
5.111748730878098, 0.03480044773339408, 1.0416600769488997, builtin_interfaces.msg.Time(sec=58, nanosec=144000000), 
5.118357167264793, 0.04294650444931788, 1.0428193797569563, builtin_interfaces.msg.Time(sec=58, nanosec=246000000), 
5.122247270687177, 0.03499513269693111, 1.0439600154804445, builtin_interfaces.msg.Time(sec=58, nanosec=348000000), 
5.119529454430159, 0.00390762388455516, 1.0444891046819846, builtin_interfaces.msg.Time(sec=58, nanosec=450000000), 
5.108188273153719, -0.04686332511152654, 1.0437976198824317, builtin_interfaces.msg.Time(sec=58, nanosec=552000000), 
5.088613834588063, -0.1030520661403204, 1.041510546227692, builtin_interfaces.msg.Time(sec=58, nanosec=654000000), 
5.061451278741346, -0.15578998137457667, 1.0375612302808526, builtin_interfaces.msg.Time(sec=58, nanosec=756000000), 
5.02796061237227, -0.20217740738597575, 1.0321057493477142, builtin_interfaces.msg.Time(sec=58, nanosec=858000000), 
4.988814270269484, -0.24212336157287537, 1.0253193789740507, builtin_interfaces.msg.Time(sec=58, nanosec=960000000), 
4.959966385619157, -0.2266474225103791, 0.8486820052014517, builtin_interfaces.msg.Time(sec=59, nanosec=28000000), 
4.916124668513222, -0.24229867252087386, 0.8423446350494388, builtin_interfaces.msg.Time(sec=59, nanosec=130000000), 
4.872566595459228, -0.29133263386643016, 1.002908720172229, builtin_interfaces.msg.Time(sec=59, nanosec=232000000), 
4.82771451579475, -0.294700509061571, 0.9939155930241694, builtin_interfaces.msg.Time(sec=59, nanosec=334000000), 
4.782700094950729, -0.29955500169499477, 0.98484272202192, builtin_interfaces.msg.Time(sec=59, nanosec=436000000), 
4.736799488617265, -0.3030500905916167, 0.9756105587566665, builtin_interfaces.msg.Time(sec=59, nanosec=538000000), 
4.6897417991669395, -0.30986098594596595, 0.9662284140259754, builtin_interfaces.msg.Time(sec=59, nanosec=640000000), 
4.642662151889935, -0.3137911224244346, 0.9567058338978414, builtin_interfaces.msg.Time(sec=59, nanosec=742000000), 
4.595735283845085, -0.3133550510728493, 0.9471134679733331, builtin_interfaces.msg.Time(sec=59, nanosec=844000000), 
4.548762686570472, -0.3129982177315445, 0.9375268883167733, builtin_interfaces.msg.Time(sec=59, nanosec=946000000), 
4.501776254482928, -0.31319676454052353, 0.9279466472930967, builtin_interfaces.msg.Time(sec=60, nanosec=48000000), 
4.454823061754174, -0.31313208272099047, 0.9183646161909149, builtin_interfaces.msg.Time(sec=60, nanosec=150000000), 
4.407919135232053, -0.3128570641695827, 0.9087872546999025, builtin_interfaces.msg.Time(sec=60, nanosec=252000000), 
4.3610388096147386, -0.31261417379811957, 0.8992171084488656, builtin_interfaces.msg.Time(sec=60, nanosec=354000000), 
4.314167200804073, -0.3125064480932653, 0.8896525099042587, builtin_interfaces.msg.Time(sec=60, nanosec=456000000), 
4.267292596436485, -0.31248737726084386, 0.88008990526616, builtin_interfaces.msg.Time(sec=60, nanosec=558000000), 
4.236030015727508, -0.26045728358855175, 0.7263244227348571, builtin_interfaces.msg.Time(sec=60, nanosec=626000000), 
4.189127326594881, -0.26055089947201476, 0.7192388298630028, builtin_interfaces.msg.Time(sec=60, nanosec=728000000), 
4.142220814985315, -0.3126973358073097, 0.8545817146969238, builtin_interfaces.msg.Time(sec=60, nanosec=830000000), 
4.095322961464525, -0.31268121710118574, 0.845013635007041, builtin_interfaces.msg.Time(sec=60, nanosec=932000000), 
4.048430652368478, -0.3126338753894557, 0.8354462611596455, builtin_interfaces.msg.Time(sec=61, nanosec=34000000), 
4.001541889027265, -0.3126035747908684, 0.8258800941944981, builtin_interfaces.msg.Time(sec=61, nanosec=136000000), 
3.9546461045913244, -0.3126151592571791, 0.8163140679271205, builtin_interfaces.msg.Time(sec=61, nanosec=238000000), 
3.907738530406817, -0.31267786206815956, 0.8067470036337274, builtin_interfaces.msg.Time(sec=61, nanosec=340000000), 
3.860817276589048, -0.31276276000758774, 0.7971777299879288, builtin_interfaces.msg.Time(sec=61, nanosec=442000000), 
3.8138851627478876, -0.31284455886309753, 0.787605985942575, builtin_interfaces.msg.Time(sec=61, nanosec=544000000), 
3.766946654528527, -0.3129020735350707, 0.7780321383828513, builtin_interfaces.msg.Time(sec=61, nanosec=646000000), 
3.720007087761425, -0.31292691662154165, 0.768457045542573, builtin_interfaces.msg.Time(sec=61, nanosec=748000000), 
3.6730706202323757, -0.31292011432050365, 0.7588816566515182, builtin_interfaces.msg.Time(sec=61, nanosec=850000000), 
3.626131635953276, -0.3129181726938309, 0.749306235388401, builtin_interfaces.msg.Time(sec=61, nanosec=952000000), 
3.5791877063345474, -0.31294304632609443, 0.7397305174513734, builtin_interfaces.msg.Time(sec=62, nanosec=54000000), 
3.5322384250417365, -0.3129773697051312, 0.7301539281784099, builtin_interfaces.msg.Time(sec=62, nanosec=156000000), 
3.485284663897279, -0.31301014145756145, 0.7205763340786021, builtin_interfaces.msg.Time(sec=62, nanosec=258000000), 
3.4539851412662337, -0.2608442792516759, 0.5933854663782974, builtin_interfaces.msg.Time(sec=62, nanosec=326000000), 
3.407046255599352, -0.26079469432642277, 0.586291243443229, builtin_interfaces.msg.Time(sec=62, nanosec=428000000), 
3.360120030901727, -0.3128837012150217, 0.6950382970881772, builtin_interfaces.msg.Time(sec=62, nanosec=530000000), 
3.3132051440510986, -0.31280370516084527, 0.685465257277548, builtin_interfaces.msg.Time(sec=62, nanosec=632000000), 
3.2663010546072133, -0.31272992098171287, 0.6758945836100826, builtin_interfaces.msg.Time(sec=62, nanosec=734000000), 
3.219407222277473, -0.3126597392454193, 0.6663261126236333, builtin_interfaces.msg.Time(sec=62, nanosec=836000000), 
3.1725150167124436, -0.31262012631589897, 0.6567591839646048, builtin_interfaces.msg.Time(sec=62, nanosec=938000000), 
3.1256185690047986, -0.3126288442422472, 0.6471927749436406, builtin_interfaces.msg.Time(sec=63, nanosec=40000000), 
3.078717967766431, -0.3126568298200416, 0.6376259056368897, builtin_interfaces.msg.Time(sec=63, nanosec=142000000), 
3.0318135045196795, -0.3126835482837305, 0.6280582028077817, builtin_interfaces.msg.Time(sec=63, nanosec=244000000), 
2.984905044100816, -0.3127097455520511, 0.6184896831143109, builtin_interfaces.msg.Time(sec=63, nanosec=346000000), 
2.9379922758088126, -0.3127374290362228, 0.6089203360611929, builtin_interfaces.msg.Time(sec=63, nanosec=448000000), 
2.8910748588591053, -0.312767284139035, 0.5993501081562738, builtin_interfaces.msg.Time(sec=63, nanosec=550000000), 
2.8441527183617827, -0.3127985248234329, 0.5897789500060195, builtin_interfaces.msg.Time(sec=63, nanosec=652000000), 
2.7972259812076476, -0.31282959217152556, 0.5802068419731403, builtin_interfaces.msg.Time(sec=63, nanosec=754000000), 
2.750294843531568, -0.3128595827673826, 0.5706338009308678, builtin_interfaces.msg.Time(sec=63, nanosec=856000000), 
2.703359600422041, -0.31288793595202274, 0.5610598689109654, builtin_interfaces.msg.Time(sec=63, nanosec=958000000), 
2.6720672687609124, -0.26075858256885187, 0.46045756372048946, builtin_interfaces.msg.Time(sec=64, nanosec=26000000), 
2.625125453018668, -0.26078049134457587, 0.45336463159142515, builtin_interfaces.msg.Time(sec=64, nanosec=128000000), 
2.578179599587332, -0.31295889724526865, 0.53552531785295, builtin_interfaces.msg.Time(sec=64, nanosec=230000000), 
2.5312332098728243, -0.31297414381947924, 0.52594860184856, builtin_interfaces.msg.Time(sec=64, nanosec=332000000), 
2.4842967485433873, -0.31294283681314816, 0.5163722499442409, builtin_interfaces.msg.Time(sec=64, nanosec=434000000), 
2.437371044206852, -0.3128738855532405, 0.5067972681783682, builtin_interfaces.msg.Time(sec=64, nanosec=536000000), 
2.390456146707654, -0.3128020061191113, 0.49722442788313675, builtin_interfaces.msg.Time(sec=64, nanosec=638000000), 
2.343552114440633, -0.3127297658873977, 0.4876537927641494, builtin_interfaces.msg.Time(sec=64, nanosec=740000000), 
2.296656757869444, -0.3126646294606994, 0.47808522129320563, builtin_interfaces.msg.Time(sec=64, nanosec=842000000), 
2.249758768555026, -0.3126444862853554, 0.468517799578827, builtin_interfaces.msg.Time(sec=64, nanosec=944000000), 
2.202855529920472, -0.3126707598299072, 0.45895043183145595, builtin_interfaces.msg.Time(sec=65, nanosec=46000000), 
2.1559476665557438, -0.31270367333094146, 0.44938221362212444, builtin_interfaces.msg.Time(sec=65, nanosec=148000000), 
2.1090349188020006, -0.3127353703949047, 0.43981299183891864, builtin_interfaces.msg.Time(sec=65, nanosec=250000000), 
2.0621175902794846, -0.3127669209208639, 0.4302428119433315, builtin_interfaces.msg.Time(sec=65, nanosec=352000000), 
2.0151957526172475, -0.3127972206158436, 0.4206716817955138, builtin_interfaces.msg.Time(sec=65, nanosec=454000000), 
1.9682695038736029, -0.31282695468627236, 0.4110996335803827, builtin_interfaces.msg.Time(sec=65, nanosec=556000000), 
1.9369829349610448, -0.2607093921873423, 0.33549206418227406, builtin_interfaces.msg.Time(sec=65, nanosec=624000000), 
1.8900495215663464, -0.2607332743575215, 0.328400444422723, builtin_interfaces.msg.Time(sec=65, nanosec=726000000), 
1.8431118715863635, -0.31290354458227104, 0.38556981431173526, builtin_interfaces.msg.Time(sec=65, nanosec=828000000), 
1.796170129845884, -0.31293130573487443, 0.3759945435639043, builtin_interfaces.msg.Time(sec=65, nanosec=930000000), 
1.7492315238536433, -0.31293449244240046, 0.3664189197194405, builtin_interfaces.msg.Time(sec=66, nanosec=32000000), 
1.7023036657487385, -0.312888213657152, 0.35684396172248206, builtin_interfaces.msg.Time(sec=66, nanosec=134000000), 
1.6553866135664501, -0.3128163676239774, 0.3472706826154805, builtin_interfaces.msg.Time(sec=66, nanosec=236000000), 
1.608480393323373, -0.3127442414178853, 0.33769960573942215, builtin_interfaces.msg.Time(sec=66, nanosec=338000000), 
1.5615799105436492, -0.3126890100760031, 0.3281303903854761, builtin_interfaces.msg.Time(sec=66, nanosec=440000000), 
1.5146753723862838, -0.3126834031236303, 0.31856202598522476, builtin_interfaces.msg.Time(sec=66, nanosec=542000000), 
1.4677657652461988, -0.31271381765816786, 0.30899343127597695, builtin_interfaces.msg.Time(sec=66, nanosec=644000000), 
1.4208515984127452, -0.3127459132451286, 0.29942390605107544, builtin_interfaces.msg.Time(sec=66, nanosec=746000000), 
1.3739327695814423, -0.3127766522158552, 0.2898534090603462, builtin_interfaces.msg.Time(sec=66, nanosec=848000000), 
1.3270094390009413, -0.31280719803934653, 0.2802819788756687, builtin_interfaces.msg.Time(sec=66, nanosec=950000000), 
1.2800817059606031, -0.3128368787361306, 0.2707096261889231, builtin_interfaces.msg.Time(sec=67, nanosec=52000000), 
1.2331496226184822, -0.312866054608197, 0.2611363721954418, builtin_interfaces.msg.Time(sec=67, nanosec=154000000), 
1.1862132946446615, -0.312894704386472, 0.2515622343792147, builtin_interfaces.msg.Time(sec=67, nanosec=256000000), 
1.1549217865333423, -0.26075945361713276, 0.20254279988180085, builtin_interfaces.msg.Time(sec=67, nanosec=324000000), 
1.1079925715005046, -0.2607357438138565, 0.19545056698511545, builtin_interfaces.msg.Time(sec=67, nanosec=426000000), 
1.0610741839205307, -0.31282534204270557, 0.22603122085289762, builtin_interfaces.msg.Time(sec=67, nanosec=528000000), 
1.0141662905311302, -0.31275426989791466, 0.2164598471247472, builtin_interfaces.msg.Time(sec=67, nanosec=630000000), 
0.9672603593039956, -0.3127127487217836, 0.20689005669538463, builtin_interfaces.msg.Time(sec=67, nanosec=732000000), 
0.9203498609055691, -0.3127214320852034, 0.19732080273036723, builtin_interfaces.msg.Time(sec=67, nanosec=834000000), 
0.8734345448213616, -0.31275271494211315, 0.187751044022103, builtin_interfaces.msg.Time(sec=67, nanosec=936000000), 
0.826514664725079, -0.31278398726830065, 0.17818033679073664, builtin_interfaces.msg.Time(sec=68, nanosec=38000000), 
0.7805862704802403, -0.3094942478037377, 0.16867641264181427, builtin_interfaces.msg.Time(sec=68, nanosec=140000000), 
0.7377121164981452, -0.2960084940897793, 0.15944728751583556, builtin_interfaces.msg.Time(sec=68, nanosec=242000000), 
0.6979335211130616, -0.2755091645572623, 0.15070376975021837, builtin_interfaces.msg.Time(sec=68, nanosec=344000000), 
0.6608814286402783, -0.25610229285955616, 0.14256384050510099, builtin_interfaces.msg.Time(sec=68, nanosec=446000000), 
0.6259082271986818, -0.2400843130479328, 0.13496117603273747, builtin_interfaces.msg.Time(sec=68, nanosec=548000000), 
0.5925994835892806, -0.2276064835033257, 0.12779846148112034, builtin_interfaces.msg.Time(sec=68, nanosec=650000000), 
0.5608714769546589, -0.2167891674800763, 0.12099778476649825, builtin_interfaces.msg.Time(sec=68, nanosec=752000000), 
0.530746610524608, -0.2061762435489086, 0.1145267948326612, builtin_interfaces.msg.Time(sec=68, nanosec=854000000), 
0.511388646330439, -0.16494276874739958, 0.09083704824921666, builtin_interfaces.msg.Time(sec=68, nanosec=922000000), 
0.4839690102925068, -0.15592533410700418, 0.08647924180502804, builtin_interfaces.msg.Time(sec=69, nanosec=24000000), 
0.4580653088600098, -0.17774445823476406, 0.09883276165284097, builtin_interfaces.msg.Time(sec=69, nanosec=126000000), 
0.43313542662072424, -0.16944527890594177, 0.09351154271258036, builtin_interfaces.msg.Time(sec=69, nanosec=228000000), 
0.40981967626191845, -0.16081877532697111, 0.08846938799850036, builtin_interfaces.msg.Time(sec=69, nanosec=330000000), 
0.3878893868220806, -0.15082013266214556, 0.08369742529992118, builtin_interfaces.msg.Time(sec=69, nanosec=432000000), 
0.36720908365132915, -0.14203530870196435, 0.0792144339780023, builtin_interfaces.msg.Time(sec=69, nanosec=534000000), 
0.3476364708816187, -0.13417638646820626, 0.07498597601214192, builtin_interfaces.msg.Time(sec=69, nanosec=636000000), 
0.3290456498429643, -0.1272114460278828, 0.07098460189756202, builtin_interfaces.msg.Time(sec=69, nanosec=738000000), 
0.3114102497865857, -0.12075407031677661, 0.06719028119475946, builtin_interfaces.msg.Time(sec=69, nanosec=840000000), 
0.2947037403339554, -0.11447303169669631, 0.06359085551751836, builtin_interfaces.msg.Time(sec=69, nanosec=942000000), 
0.27890275774872453, -0.10835830679287062, 0.060181138855110054, builtin_interfaces.msg.Time(sec=70, nanosec=44000000), 
0.2639718315124687, -0.10243969607162229, 0.0569553264124701, builtin_interfaces.msg.Time(sec=70, nanosec=146000000), 
0.24985642413898101, -0.09682111203247838, 0.053905708911211846, builtin_interfaces.msg.Time(sec=70, nanosec=248000000), 
0.23649553695016018, -0.09158764854102848, 0.05102201789690947, builtin_interfaces.msg.Time(sec=70, nanosec=350000000), 
0.22383721093258094, -0.08673071068800026, 0.0482928636974771, builtin_interfaces.msg.Time(sec=70, nanosec=452000000), 
0.21184431717578997, -0.08217073258123403, 0.04570804042398011, builtin_interfaces.msg.Time(sec=70, nanosec=554000000), 
0.20413770345727275, -0.06566502491769395, 0.03625642312205314, builtin_interfaces.msg.Time(sec=70, nanosec=622000000), 
0.19320312350906937, -0.062137312222401986, 0.03452049150138748, builtin_interfaces.msg.Time(sec=70, nanosec=724000000), 
0.18286425673022666, -0.07091148909015364, 0.03945394569136667, builtin_interfaces.msg.Time(sec=70, nanosec=826000000), 
0.17302111504111592, -0.06727336155984485, 0.037338017679068004, builtin_interfaces.msg.Time(sec=70, nanosec=928000000), 
0.16371021201236544, -0.06384681572620408, 0.035332499697292144, builtin_interfaces.msg.Time(sec=71, nanosec=30000000), 
0.1549405857485573, -0.06026843097519543, 0.033433690070538626, builtin_interfaces.msg.Time(sec=71, nanosec=132000000), 
0.1466527400620893, -0.056858239834253754, 0.03164064057196481, builtin_interfaces.msg.Time(sec=71, nanosec=234000000), 
0.13881791702592297, -0.053742229075447734, 0.029947964512886723, builtin_interfaces.msg.Time(sec=71, nanosec=336000000), 
0.13139592330707653, -0.0508560558500426, 0.028346927466866036, builtin_interfaces.msg.Time(sec=71, nanosec=438000000), 
0.12436158420586599, -0.04818777606685661, 0.02683112886864285, builtin_interfaces.msg.Time(sec=71, nanosec=540000000), 
0.11769792868960904, -0.04565998205822495, 0.025394969661773504, builtin_interfaces.msg.Time(sec=71, nanosec=642000000), 
0.11139064289447549, -0.04323647103796832, 0.024034610593716633, builtin_interfaces.msg.Time(sec=71, nanosec=744000000), 
0.10542575582831053, -0.04090724287099506, 0.02274697426404286, builtin_interfaces.msg.Time(sec=71, nanosec=846000000), 
0.09978417939700572, -0.03868821165823257, 0.021528839312145838, builtin_interfaces.msg.Time(sec=71, nanosec=948000000), 
0.09444517874391106, -0.03660192361466488, 0.020376547749907454, builtin_interfaces.msg.Time(sec=72, nanosec=50000000), 
0.08938924405599097, -0.034649784470049176, 0.019286064949389725, builtin_interfaces.msg.Time(sec=72, nanosec=152000000), 
0.08460173546727681, -0.032811477588780835, 0.018253658762168157, builtin_interfaces.msg.Time(sec=72, nanosec=254000000), 
0.08152598433979225, -0.026210865720662408, 0.014479294618906733, builtin_interfaces.msg.Time(sec=72, nanosec=322000000), 
0.0771607453343432, -0.024803300443112058, 0.01378634635801336, builtin_interfaces.msg.Time(sec=72, nanosec=424000000), 
0.07307367415899808, -0.028174367269313872, 0.015759707460653076, builtin_interfaces.msg.Time(sec=72, nanosec=526000000), 
0.06914072282811273, -0.02673340835410154, 0.01491750967785887, builtin_interfaces.msg.Time(sec=72, nanosec=628000000), 
0.06541808722862416, -0.025518623101246408, 0.014119008926669976, builtin_interfaces.msg.Time(sec=72, nanosec=730000000), 
0.06190664764972695, -0.024113583927952615, 0.01335965112403954, builtin_interfaces.msg.Time(sec=72, nanosec=832000000), 
0.0585905284144198, -0.022758529380681205, 0.012642237903908421, builtin_interfaces.msg.Time(sec=72, nanosec=934000000), 
0.05546041655574734, -0.02148743697993202, 0.011965116298152797, builtin_interfaces.msg.Time(sec=73, nanosec=36000000), 
0.05249612171429057, -0.020314689000430763, 0.011325200534543122, builtin_interfaces.msg.Time(sec=73, nanosec=138000000), 
0.049686913793781796, -0.01924500920655182, 0.010719754740339739, builtin_interfaces.msg.Time(sec=73, nanosec=240000000), 
0.04702516251146884, -0.01823653067607243, 0.010146157465328801, builtin_interfaces.msg.Time(sec=73, nanosec=342000000), 
0.044505403944187276, -0.017271699498648402, 0.009602788656961778, builtin_interfaces.msg.Time(sec=73, nanosec=444000000), 
0.04212190030508755, -0.016344207354604307, 0.009088367739730568, builtin_interfaces.msg.Time(sec=73, nanosec=546000000), 
0.039867573425457735, -0.015459435062431803, 0.008601651681881813, builtin_interfaces.msg.Time(sec=73, nanosec=648000000), 
0.03773423441104809, -0.014625552980131531, 0.008141212153628348, builtin_interfaces.msg.Time(sec=73, nanosec=750000000), 
0.035714410686262, -0.013843875797319114, 0.007705502859548211, builtin_interfaces.msg.Time(sec=73, nanosec=852000000), 
