acc_x, acc_y, angular_z, stamp, 
0.0035296082496643066, -0.0012263059616088867, 6.81738191451586e-05, 1759350463605083798
-0.012700259685516357, -0.011933386325836182, 7.665487044964414e-05, 1759350463632485417
-0.005589663982391357, 0.004582464694976807, 6.835372947965215e-05, 1759350463662393676
0.010311424732208252, -0.008261263370513916, 5.68888885849278e-05, 1759350463685988776
0.010248661041259766, -0.00615614652633667, 7.455370070060487e-05, 1759350463712555112
0.0316159725189209, -0.013409137725830078, 6.531648232078023e-05, 1759350463742476001
0.0026279687881469727, 0.003127574920654297, 6.357420699245875e-05, 1759350463772510244
0.007839560508728027, 0.012296795845031738, 6.247969806572919e-05, 1759350463802530907
0.009283781051635742, 0.0018710494041442871, 6.111692805104532e-05, 1759350463862658790
-0.008775413036346436, 0.002514362335205078, 5.4557436211423014e-05, 1759350463926113211
-0.015894830226898193, 0.006220757961273193, 6.52771368134932e-05, 1759350463952952627
0.012994170188903809, 0.011611461639404297, 5.77511784937514e-05, 1759350463982966072
-0.001541435718536377, -0.022913038730621338, 5.716206335913375e-05, 1759350464013026975
-0.010217607021331787, 0.002712726593017578, 5.859580506930571e-05, 1759350464072167982
0.020540177822113037, 0.008024036884307861, 5.400547246321525e-05, 1759350464103223302
0.0044471025466918945, 0.0045403242111206055, 5.4111212199520444e-05, 1759350464134010548
-0.03685104846954346, -0.029579877853393555, 5.2062200566677996e-05, 1759350464165722330
-0.022205591201782227, -0.004233300685882568, 5.846943497681114e-05, 1759350464193703313
0.007004082202911377, 0.019208967685699463, 5.4943037381360145e-05, 1759350464223547326
0.02158331871032715, -0.011738359928131104, 5.456509251050846e-05, 1759350464253529606
0.026986777782440186, -0.019008398056030273, 4.707920948990849e-05, 1759350464276561205
-0.024902522563934326, 0.024596571922302246, 5.794636586592124e-05, 1759350464313671485
0.01665794849395752, 0.02878594398498535, 5.2973168505872845e-05, 1759350464373856516
0.041874706745147705, -0.017829298973083496, 5.108605286177363e-05, 1759350464404857787
-0.0068035125732421875, -0.023406684398651123, 4.860991111805951e-05, 1759350464436824477
-0.008544743061065674, 0.014025092124938965, 5.685715410146598e-05, 1759350464464022759
0.018839895725250244, 0.012673497200012207, 5.091850199492699e-05, 1759350464494319719
0.01169586181640625, -0.025152385234832764, 4.4674926085484184e-05, 1759350464517338358
-0.017136037349700928, 0.0016105175018310547, 5.6052741504520096e-05, 1759350464544593642
-0.027797222137451172, 0.007185935974121094, 5.1306029689663617e-05, 1759350464574297348
-0.023957550525665283, -0.006854891777038574, 5.023561426187527e-05, 1759350464604410988
0.022584736347198486, -0.01636481285095215, 4.980407681961376e-05, 1759350464634635440
0.013552963733673096, -0.02434629201889038, 5.006620258788365e-05, 1759350464664477660
-0.03888803720474243, -0.028209209442138672, 4.90957025079904e-05, 1759350464694529597
-0.01360321044921875, 0.03494912385940552, 4.702104260835497e-05, 1759350464725669199
0.020903348922729492, 0.015647411346435547, 4.576016935377212e-05, 1759350464757585078
0.024222612380981445, -0.01906365156173706, 5.3124738602579646e-05, 1759350464785076439
-0.024607419967651367, 0.002374112606048584, 4.791532916562227e-05, 1759350464815012055
-0.02425563335418701, 0.019188642501831055, 4.7780346447321176e-05, 1759350464844953991
0.011809170246124268, 0.004630386829376221, 5.06139231889209e-05, 1759350464873145910
0.006167948246002197, -0.02793020009994507, 4.4293893505626445e-05, 1759350464905023759
-0.015601515769958496, -0.020131170749664307, 4.665243194610085e-05, 1759350464935050119
0.02352970838546753, 0.013784348964691162, 4.418591237558993e-05, 1759350464966414925
0.005016803741455078, -0.007708728313446045, 4.823274448810207e-05, 1759350465025722712
-0.015085220336914062, -0.03974109888076782, 4.498990679550409e-05, 1759350465055367123
-0.011586308479309082, -0.005230724811553955, 4.372019358003905e-05, 1759350465085701773
-0.02596968412399292, 0.012702882289886475, 4.426858186778474e-05, 1759350465115576349
0.06036663055419922, 0.0004138946533203125, 4.4072536180190634e-05, 1759350465145583714
0.009569048881530762, 0.00020617246627807617, 4.354027751642798e-05, 1759350465175701108
-0.04432058334350586, 0.000776827335357666, 4.32654827960814e-05, 1759350465205751319
0.0008032917976379395, -0.020513951778411865, 4.043325322165586e-05, 1759350465237906402
0.03300058841705322, 0.010941267013549805, 4.648603998796333e-05, 1759350465265874690
0.01869666576385498, -0.0206335186958313, 4.297926711134526e-05, 1759350465296038293
-0.01578521728515625, 0.009667515754699707, 4.417794660479052e-05, 1759350465325130424
-0.03019130229949951, 0.0006236433982849121, 3.663146119629475e-05, 1759350465348418956
0.0274389386177063, 0.04211324453353882, 4.5337715336883454e-05, 1759350465386051840
0.021622300148010254, 5.84721565246582e-05, 4.234667077692069e-05, 1759350465416138145
-0.023348450660705566, -0.019283831119537354, 4.1555912743146646e-05, 1759350465446348721
-0.010692596435546875, 0.0039421916007995605, 4.065498371709682e-05, 1759350465477228777
-0.005248367786407471, 0.01607227325439453, 3.910341212144087e-05, 1759350465509429392
0.014826178550720215, 0.007610440254211426, 4.629554433637808e-05, 1759350465536708053
-0.03932845592498779, 0.0032393336296081543, 4.224065935525432e-05, 1759350465566605346
-0.03548896312713623, -0.005369901657104492, 3.5848951705520035e-05, 1759350465590090521
-0.0007686614990234375, 0.02158510684967041, 4.6431763265272495e-05, 1759350465626836874
0.01568305492401123, 0.0070762038230896, 4.291827126968918e-05, 1759350465656783029
0.0013505816459655762, -0.0108489990234375, 4.2862226281385696e-05, 1759350465686768359
-0.04180347919464111, 0.02156013250350952, 4.1221267665278204e-05, 1759350465717947342
-0.014503180980682373, 0.020010769367218018, 4.0219493878253366e-05, 1759350465749902884
0.00729292631149292, 0.010532796382904053, 4.73585216451818e-05, 1759350465777277407
0.04671478271484375, -0.013063013553619385, 4.6304819823436496e-05, 1759350465805274932
0.0037605762481689453, -0.024845361709594727, 0.0008532519865074792, 1759350465837028704
0.06530117988586426, 0.003143012523651123, 0.0008304439278553252, 1759350465867125148
1.003098726272583, -0.25176703929901123, -0.032528363470744226, 1759350465897450911
0.835677444934845, -0.42579132318496704, -0.25118203127244354, 1759350465927333803
0.8059095144271851, -0.38178062438964844, -0.44148241489092166, 1759350465957650248
0.09543144702911377, -0.013962090015411377, -0.4845934226129978, 1759350465990985745
0.47349077463150024, -0.7507717609405518, -0.7112093327814664, 1759350466027707197
0.29699450731277466, -0.4832502603530884, -0.8481730861040176, 1759350466057499779
0.7473611831665039, 0.11038565635681152, -0.9874134455950666, 1759350466087590379
0.7198358774185181, -0.22297775745391846, -1.082300444932249, 1759350466118450846
0.9734198451042175, -0.7172942757606506, -1.151159023694656, 1759350466150106022
0.004938364028930664, 0.15471631288528442, -1.3676141596771387, 1759350466180387726
0.9305486083030701, -0.7902124524116516, -1.580812569156413, 1759350466207898934
0.5427133440971375, -0.7874594330787659, -1.529961742982947, 1759350466237934317
0.5440291166305542, -0.4511389136314392, -1.6490367691399244, 1759350466267990667
-0.18879574537277222, -0.522687554359436, -1.7650310669280664, 1759350466327210383
-0.011789262294769287, -0.20490723848342896, -1.7076384241978668, 1759350466358282931
-0.22828125953674316, -0.49412816762924194, -1.6504801759226715, 1759350466390212052
0.1751924753189087, -0.114651620388031, -1.6653124046926693, 1759350466421765377
-0.7312905788421631, -0.5946255326271057, -1.96407184026622, 1759350466448991350
0.058855652809143066, -0.7596755027770996, -1.7935880950662266, 1759350466478731747
-0.06830954551696777, -0.28147023916244507, -1.7685089534968512, 1759350466508749544
0.09560585021972656, -0.37739890813827515, -1.7819046742727558, 1759350466568664737
0.6584157943725586, -0.2589139938354492, -1.733120466425449, 1759350466598762726
-0.7110620141029358, -0.5678310394287109, -1.6755103571539132, 1759350466630356183
0.32433515787124634, -0.3891298174858093, -1.6437165177650157, 1759350466662210107
0.1906278133392334, -0.6132747530937195, -1.939618874855422, 1759350466689405370
-0.28189200162887573, 0.0317460298538208, -1.8023054059633257, 1759350466718983739
-0.47705626487731934, -0.8955869078636169, -1.7543851322421231, 1759350466749054270
-0.871445894241333, -0.40136629343032837, -1.7552892869925296, 1759350466779116311
-0.4298512935638428, -0.5239672660827637, -1.769628502805225, 1759350466809204181
-0.44385749101638794, -0.16891133785247803, -1.7482939675447702, 1759350466839261490
0.6589164137840271, -0.3497169613838196, -1.6873758694968477, 1759350466870276960
-1.446730375289917, -0.471168577671051, -1.727304571771393, 1759350466901190971
-0.2944273352622986, -0.7112181782722473, -1.8659349951815163, 1759350466929856667
-0.7230478525161743, -0.8145128488540649, -1.8007840266379693, 1759350466959505158
0.23158478736877441, -0.750954270362854, -1.7361208959701537, 1759350466989792337
0.24210554361343384, -0.47893601655960083, -1.7292336576553642, 1759350467019668672
0.3305986523628235, -0.3388708829879761, -1.6542349741862017, 1759350467049721297
-0.33635997772216797, -0.41437602043151855, -1.6565967354145932, 1759350467079886464
-0.12790244817733765, -0.1797911524772644, -1.6440502042540788, 1759350467110015037
0.4637731909751892, -0.4439697265625, -1.5341650209503461, 1759350467142228176
0.07693976163864136, -0.3155122399330139, -1.7265345246863812, 1759350467171168261
0.8717398643493652, -0.2059597373008728, -1.7973743575196541, 1759350467199381642
-0.7562892436981201, -0.9755592942237854, -1.6472727568788414, 1759350467230414434
-0.6049894690513611, -0.3248027563095093, -1.648619562459132, 1759350467260439034
-0.3762214779853821, -0.4451732039451599, -1.6203828372122593, 1759350467320355792
0.19558262825012207, -0.479958713054657, -1.6154583788532504, 1759350467350541120
0.12989097833633423, -0.24844717979431152, -1.5717673486921506, 1759350467382100848
0.2346057891845703, -0.681386411190033, -1.8555566957345826, 1759350467440610729
0.8237813115119934, -0.4963693618774414, -1.6518514042404586, 1759350467471107880
-0.21299487352371216, -0.6385686993598938, -1.6993317757231108, 1759350467500817443
-0.5007167458534241, -0.6275992393493652, -1.6478737735743036, 1759350467531039428
-0.6953811645507812, -0.9726091027259827, -1.6768118858979204, 1759350467560911179
-0.09863787889480591, -0.3453258275985718, -1.5767636882045235, 1759350467622132206
0.06008416414260864, -0.5403487086296082, -1.5096805222412146, 1759350467654233859
-0.7280743718147278, -0.3305661082267761, -1.7386005034846315, 1759350467681464534
-0.7623217701911926, -0.6360526084899902, -1.6063750287818248, 1759350467711208369
0.44630861282348633, -0.693534255027771, -1.610528497944174, 1759350467771342870
0.44552916288375854, -0.017866790294647217, -1.6090272207505318, 1759350467801497279
-0.1535482406616211, -0.31522542238235474, -1.6002817433680196, 1759350467861803531
-0.24988138675689697, -0.21324151754379272, -1.50766998524399, 1759350467893806638
0.24614202976226807, -0.7769092917442322, -1.6774166095582876, 1759350467921898551
0.21618521213531494, -0.30724620819091797, -1.5226175759471503, 1759350467952312269
-0.5359668731689453, -0.6729863882064819, -1.6071337243431878, 1759350468012475334
-0.8128345608711243, -0.7090038061141968, -1.5598177528760178, 1759350468042524863
0.12283819913864136, -0.6384705305099487, -1.5870628726243237, 1759350468072688590
0.030508458614349365, -0.3604400157928467, -1.5868347701506451, 1759350468102590686
0.37674587965011597, -0.32438230514526367, -1.4595443464532778, 1759350468133848263
-1.155149221420288, -0.7663575410842896, -1.713938913006204, 1759350468192836782
-0.47199612855911255, -0.803727924823761, -1.593238598266687, 1759350468222756213
-0.0424351692199707, -0.3478080630302429, -1.4749813845402766, 1759350468244976759
0.3183494210243225, -0.3367770314216614, -1.7386583835074048, 1759350468282811796
-0.5414833426475525, -0.0697934627532959, -1.5322941873145273, 1759350468342771090
0.1571263074874878, -0.5629959106445312, -1.4450247310567523, 1759350468373861047
-0.8150920867919922, -0.8070504069328308, -1.3508767391259158, 1759350468406549641
0.3654029965400696, -0.33116811513900757, -1.5365888678420823, 1759350468472886884
0.8928226828575134, -0.23564797639846802, -1.5334365041757911, 1759350468502962110
-0.37603288888931274, -0.2705070376396179, -1.5110703121213354, 1759350468533957186
-0.20959460735321045, -0.7987989783287048, -1.41463670380839, 1759350468566082141
-0.652144730091095, -0.6639761328697205, -1.6908416552195562, 1759350468593236624
-0.47534066438674927, -0.6444994807243347, -1.5221892360764242, 1759350468623288630
-0.40687239170074463, -0.4131547808647156, -1.473583287057342, 1759350468653545874
-0.13994616270065308, -0.4018135070800781, -1.464932757942465, 1759350468683564067
-1.4570963382720947, -0.5789533853530884, -1.4822714397700472, 1759350468713433710
-0.3190879821777344, -0.7409429550170898, -1.4730409046777213, 1759350468743875985
-0.4893447160720825, -0.27244073152542114, -1.5496889617720326, 1759350468773817573
0.5326823592185974, -0.3686749339103699, -1.387198712357867, 1759350468806263794
0.8807464241981506, -0.44196194410324097, -1.58592984878348, 1759350468833728772
-0.2316570281982422, -0.21912777423858643, -1.4661263955225898, 1759350468863807227
-0.44223690032958984, -0.8338945508003235, -1.4752171416388606, 1759350468894053859
0.2028818130493164, -0.4873829483985901, -1.3344953925541128, 1759350468916053872
0.03855174779891968, -0.7195212244987488, -1.5751463994634112, 1759350468953160743
-0.3125460147857666, -0.012929260730743408, -1.4237642985615273, 1759350468983181548
-0.4497818350791931, -0.5260595083236694, -1.465155228449381, 1759350469044776902
0.40309637784957886, -0.6199521422386169, -1.5910424890387553, 1759350469104513396
0.16218125820159912, -0.392548143863678, -1.4611417613689877, 1759350469134383519
-0.5680632591247559, -0.6637596487998962, -1.231020652112992, 1759350469158119162
0.18753546476364136, -0.51389479637146, -1.4313239144362446, 1759350469224780339
0.33381038904190063, -0.2764407992362976, -1.4486147177990998, 1759350469254589572
0.7561269402503967, -0.21843093633651733, -1.386539487280832, 1759350469286276142
-0.2216234803199768, -0.5212168097496033, -1.6559903292218745, 1759350469344964177
-0.2634977698326111, -0.6416075229644775, -1.4152312864286556, 1759350469384930649
-0.43732088804244995, -0.8855429887771606, -1.3142793971504496, 1759350469446546731
0.031685590744018555, -0.22197401523590088, -1.3382054328407622, 1759350469477914333
-0.5249115228652954, -0.1056513786315918, -1.5687933427510192, 1759350469504425065
-0.05033087730407715, -0.8636923432350159, -1.3736246136354748, 1759350469535337258
-0.6104193329811096, -0.4467095732688904, -1.423977162749501, 1759350469565598763
0.08251208066940308, -0.5817674398422241, -1.4266187340977303, 1759350469595418200
0.46799004077911377, -0.2641603350639343, -1.3939506893141154, 1759350469625437750
0.17211121320724487, -0.5497420430183411, -1.3671426721638305, 1759350469655497422
-0.017428696155548096, -0.48014044761657715, -1.3709459630874894, 1759350469685809035
-0.2442527413368225, -0.3629947304725647, -1.350186247794747, 1759350469717246675
0.41869497299194336, -0.2858891487121582, -1.5028864589363506, 1759350469745877964
0.2990257740020752, -0.13856714963912964, -1.3838368380288533, 1759350469775846031
0.5432653427124023, -0.5923470854759216, -1.321966287517157, 1759350469806098848
0.03971987962722778, 0.0065389275550842285, -1.3552719808870486, 1759350469836000557
0.0028036832809448242, -0.5272126197814941, -1.3220493013999874, 1759350469866389784
-0.46280473470687866, -0.4768819808959961, -1.306396463878965, 1759350469896047441
-0.5693725347518921, -0.24289780855178833, -1.276574049936061, 1759350469926216264
-0.6862123012542725, -0.017358720302581787, -1.2149146308916545, 1759350469958368272
0.6897107362747192, -0.747668445110321, -1.3188408470251782, 1759350469988584525
-0.031929194927215576, -0.4386976361274719, -1.4339219576326343, 1759350470026376059
0.7915427684783936, 0.21654736995697021, -1.3675525045043027, 1759350470056428022
-0.27468568086624146, -0.20996439456939697, -1.3442992597438097, 1759350470086667924
-0.10659188032150269, -0.5564396381378174, -1.2609808966348865, 1759350470117889408
0.42711734771728516, -0.3222041726112366, -1.2517091885607703, 1759350470149627818
0.345658540725708, -0.12286978960037231, -1.4529463624200114, 1759350470176706576
0.1446070671081543, -0.7733874917030334, -1.2743509038262693, 1759350470207451961
-0.38347315788269043, -0.8090319037437439, -1.2844968777733172, 1759350470237472056
-0.1896047592163086, -0.39012742042541504, -1.2840416627175688, 1759350470267491769
0.12869775295257568, -0.4305790662765503, -1.338544582320654, 1759350470297498463
0.6399475336074829, -0.6699260473251343, -1.353015194167588, 1759350470327556163
-0.26278042793273926, 0.16949719190597534, -1.2983432421776337, 1759350470358036576
-0.01076275110244751, 0.004607081413269043, -1.2446631422881014, 1759350470389175415
-0.28524625301361084, -0.7461426258087158, -1.3623458897496854, 1759350470417546495
-0.4994359016418457, -0.16696208715438843, -1.2624187900092145, 1759350470447675766
0.17277425527572632, -0.10016828775405884, -1.2755852560733858, 1759350470477598265
0.09856092929840088, -1.0137478113174438, -1.2800141020437894, 1759350470507593940
-0.8035478591918945, -0.08562964200973511, -1.2352008648337813, 1759350470537741657
-0.3936389088630676, -0.5424304008483887, -1.2693728998505325, 1759350470567759495
-0.4158729910850525, -0.29032760858535767, -1.2866735797688125, 1759350470597924902
0.3745197653770447, -0.5561516284942627, -1.201211342578216, 1759350470629162385
0.7818207144737244, 0.05262041091918945, -1.3069673058145843, 1759350470657792359
0.347819447517395, -0.400810182094574, -1.2660419558727516, 1759350470687877954
-0.3425329327583313, -0.6323870420455933, -1.270975208601665, 1759350470717868735
-0.67690110206604, -0.42467212677001953, -1.2968751467763517, 1759350470747950403
-0.018881142139434814, -0.8223387598991394, -1.3217146443554522, 1759350470777959371
0.2658268213272095, -0.33323603868484497, -1.2957351404342476, 1759350470808065165
0.610680878162384, -0.34469783306121826, -1.283292345961714, 1759350470838511651
-0.7834740877151489, -0.29058247804641724, -1.169491024269827, 1759350470870459113
-0.41381263732910156, -0.26240450143814087, -1.2041085703065733, 1759350470900490540
-0.34399181604385376, -0.28129875659942627, -1.3359997239456936, 1759350470928463614
-0.007473170757293701, -0.3375725746154785, -1.2234573294388975, 1759350470958441999
0.005573928356170654, -0.41720402240753174, -1.226629663734722, 1759350470988465005
0.05770963430404663, -0.2481476068496704, -1.2538058478635468, 1759350471018548322
-0.8537639379501343, -0.7321659326553345, -1.260352419562185, 1759350471048594623
0.09830200672149658, -0.3907288908958435, -1.278621132892036, 1759350471078708861
-0.02751678228378296, -0.3976985216140747, -1.2514683126959525, 1759350471110090102
-0.10433131456375122, -0.10969036817550659, -1.1776399112700275, 1759350471141151577
0.6777378916740417, -0.45367830991744995, -1.325877913451304, 1759350471168963618
-0.35520654916763306, -0.2569052577018738, -1.282653153163137, 1759350471198929011
-0.13407647609710693, -0.3438453674316406, -1.2271917571897228, 1759350471228993274
-0.35385823249816895, -0.5363317728042603, -1.211977021116814, 1759350471259094636
-1.127046823501587, -0.7508991360664368, -1.213991720446763, 1759350471319244531
-0.07762181758880615, -0.4238254427909851, -1.221694328757069, 1759350471350762228
-0.4187880754470825, -0.24660545587539673, -1.2171404271745994, 1759350471382378951
-0.13414829969406128, -0.3858734369277954, -1.338110050110914, 1759350471409581111
-0.48640620708465576, -0.4863585829734802, -1.1738440573089726, 1759350471440049973
-0.36895978450775146, -0.5096474885940552, -1.2012904805047864, 1759350471499782529
-1.4006743431091309, 0.09172177314758301, -1.2248213621264556, 1759350471559779179
-0.4243258833885193, -0.7989233136177063, -1.1823735549083365, 1759350471590501816
-0.43936580419540405, 0.025281250476837158, -1.1473193780708897, 1759350471622253819
0.21746456623077393, -0.6318010091781616, -1.1743049803320866, 1759350471652181354
0.586433470249176, -0.4233424663543701, -1.2266115881551771, 1759350471680198355
0.05239337682723999, -0.1637139916419983, -1.1809451064080327, 1759350471710120287
-0.666975200176239, -1.0062440633773804, -1.1525332567474902, 1759350471740310707
-0.2568482756614685, -0.09509503841400146, -1.165597164737448, 1759350471770236520
0.268062949180603, -0.48112791776657104, -1.2377501210142847, 1759350471799299819
0.5774221420288086, -0.21444427967071533, -1.1307490804076634, 1759350471830368739
0.9679378271102905, -0.10956472158432007, -1.117878848646617, 1759350471863034078
-0.4702141284942627, 0.021488547325134277, -1.2426958999866944, 1759350471920887010
-0.5509395003318787, -0.7816752195358276, -1.1519114581990393, 1759350471950819001
-0.28444814682006836, -0.3624957799911499, -1.1480866919887418, 1759350471980692762
-0.5694997310638428, -0.15571963787078857, -1.1829216210340934, 1759350472010916615
0.015208721160888672, -0.7819321155548096, -1.1888361510419343, 1759350472040857625
-1.0611133575439453, -0.537787139415741, -1.1560209484905026, 1759350472070894931
-0.08414584398269653, -0.821331262588501, -1.1506051837663647, 1759350472133982950
0.343306303024292, -0.4243832230567932, -1.3089032142392814, 1759350472161392165
0.11100012063980103, -0.4775081276893616, -1.1025923844628749, 1759350472221293674
0.012852668762207031, -0.33970552682876587, -1.1053319225487441, 1759350472251298799
-0.3789912462234497, -0.924506664276123, -1.1059136970689614, 1759350472281388929
0.3076586127281189, -0.11273115873336792, -1.1578911962298657, 1759350472341158072
0.6707761883735657, -0.2012171745300293, -1.0950143132742103, 1759350472374462164
-0.37174922227859497, -0.36667293310165405, -1.3427760958715589, 1759350472401916558
-0.33414316177368164, -0.42378759384155273, -1.1755324417102195, 1759350472431831547
-0.3556419014930725, -0.5386844277381897, -1.143121352965299, 1759350472461762853
-0.18988829851150513, -0.319874107837677, -1.0411669791699714, 1759350472522591081
-0.7766061425209045, -0.7267141342163086, -1.0979007377763472, 1759350472552571260
-0.7001388669013977, -0.4650952219963074, -1.1456081758005336, 1759350472582633400
-0.18617510795593262, -0.6157031059265137, -1.0923074209516135, 1759350472614038731
-0.37424468994140625, -0.0007001757621765137, -1.1680664725289485, 1759350472644378942
0.20888561010360718, -0.5776280164718628, -1.2101927919559459, 1759350472673036978
-0.24487841129302979, -0.6364569664001465, -1.1320797358252241, 1759350472702783863
0.3980572819709778, -0.2557505965232849, -1.1297171728569082, 1759350472732827739
-0.40091508626937866, -0.8127827048301697, -1.1103090764885943, 1759350472762711956
0.49350082874298096, -0.23265302181243896, -1.074976023241354, 1759350472792866504
-0.556559145450592, -0.6433036923408508, -1.1186411129433764, 1759350472822854425
0.21833521127700806, -0.12436103820800781, -1.0898833399702825, 1759350472854340647
0.01171809434890747, -0.19983816146850586, -1.1146082063505829, 1759350472886461437
-0.03233301639556885, -0.3151404857635498, -1.3167493603157594, 1759350472912941133
0.6778725385665894, -0.47231143712997437, -1.1310794625636484, 1759350472943003632
-0.4353518486022949, -0.2514916658401489, -0.9731855676188683, 1759350472966299381
-0.46788275241851807, -0.02042919397354126, -1.2449817504108744, 1759350472993007393
-0.3464428186416626, -0.6523593068122864, -1.0560213770148899, 1759350473023225486
-0.13677948713302612, -0.377962589263916, -1.1022345259907949, 1759350473052155045
0.6873432993888855, -0.633649468421936, -1.1143939697676726, 1759350473112359807
-0.2992647886276245, -0.1653926968574524, -1.0874948125494295, 1759350473142603211
-1.202256679534912, -0.03034108877182007, -1.0447440706849267, 1759350473174054870
0.48732197284698486, -0.6643859148025513, -0.9725633136798484, 1759350473206629258
-0.512184202671051, -0.5750701427459717, -1.2134475502145936, 1759350473233510899
-0.13448208570480347, -0.5978472828865051, -1.0819078749997284, 1759350473263533380
0.02577042579650879, -0.43102920055389404, -0.9643575300221074, 1759350473286217677
0.10564440488815308, -0.6621577739715576, -1.205882058365298, 1759350473313697389
0.039654672145843506, -0.8838805556297302, -1.1030319566451345, 1759350473343751262
-0.17754971981048584, -0.44949865341186523, -1.0620897852816478, 1759350473403978250
0.13300395011901855, -0.0775180459022522, -1.0844007979545989, 1759350473433144280
-0.29546278715133667, -0.7078134417533875, -1.054681710848897, 1759350473464096243
-0.0820586085319519, -0.3865734338760376, -1.085041972672208, 1759350473494032898
-0.14727383852005005, 0.0768362283706665, -1.0275755342687563, 1759350473526825833
0.2801702618598938, -0.4787036180496216, -1.1471373112679488, 1759350473556284010
0.25891125202178955, -0.5213603973388672, -1.138870439003905, 1759350473584437609
0.36773669719696045, -0.5101268291473389, -1.062727062733977, 1759350473614353312
-0.1747211217880249, -0.29603880643844604, -1.0964259559514837, 1759350473643388405
-0.7045857906341553, -0.6250333189964294, -0.9995584207651239, 1759350473673416897
-0.03912198543548584, -0.4166440963745117, -0.9438176860042751, 1759350473704503191
-0.42191487550735474, -0.3279237747192383, -1.0021741244771292, 1759350473734573158
-0.3447055220603943, -0.47755491733551025, -0.9734978208549718, 1759350473766141331
0.12766265869140625, -0.3544110059738159, -0.9781115505272475, 1759350473798464087
0.34994280338287354, -0.10903352499008179, -1.1002107465147584, 1759350473864881803
-0.2703055143356323, -0.38095223903656006, -1.0706987061681081, 1759350473894920389
0.025103747844696045, -0.1642322540283203, -1.002315942041678, 1759350473925157368
-0.6892983317375183, -0.45215004682540894, -0.923202415498468, 1759350473958526736
-0.3174745440483093, -0.5635078549385071, -1.1380511638613284, 1759350473985559386
-0.28835034370422363, -0.6452039480209351, -1.027770621939006, 1759350474015402723
-0.13829541206359863, -0.44912075996398926, -1.032525245689432, 1759350474045305312
-0.8794422745704651, -0.3185323476791382, -1.0520802634798034, 1759350474075340500
-0.3237479329109192, -0.7321821451187134, -1.0253801479970015, 1759350474105624721
-0.14666807651519775, -0.3252788782119751, -1.1163577587052758, 1759350474134473254
-0.28189778327941895, -0.4419512152671814, -0.9861728733862186, 1759350474166606017
0.9375687837600708, -0.20580053329467773, -0.9763572932813944, 1759350474198111077
0.3386414051055908, 0.00801616907119751, -1.09334187795449, 1759350474225760664
0.01044321060180664, -0.570574164390564, -0.9709776817596867, 1759350474255788015
0.5941627621650696, -0.2833769917488098, -0.952164902343977, 1759350474285798678
0.43079519271850586, -0.21343696117401123, -1.0062317612453133, 1759350474345913731
0.3273957371711731, -0.3986542820930481, -1.0327879493466894, 1759350474376128839
0.12454736232757568, -0.201859712600708, -0.954897172100724, 1759350474438565162
0.3425290584564209, -0.48459571599960327, -1.0715874963906664, 1759350474476381388
-0.053316712379455566, -0.535450279712677, -0.9994551592208561, 1759350474506278005
0.3882337808609009, -0.4327494502067566, -0.9911190585853702, 1759350474536682164
-0.3640781044960022, -0.4391230344772339, -0.9971895452410258, 1759350474566726058
0.2217002511024475, -0.14636129140853882, -0.9622872697777055, 1759350474598587529
0.16694653034210205, -0.2938278317451477, -1.0377092868027753, 1759350474629124193
0.441034197807312, -0.1947392225265503, -0.9691139107750387, 1759350474697063398
-0.22531795501708984, -0.5421618223190308, -0.9700398331133873, 1759350474726873291
0.025868594646453857, 0.007960021495819092, -0.9071484436554398, 1759350474758426671
0.06395184993743896, -0.33241522312164307, -1.0610859958150252, 1759350474826959043
1.0377260446548462, 0.008226215839385986, -0.9481835002790115, 1759350474857057946
-0.4983541965484619, -0.4622049331665039, -0.9555011442278564, 1759350474887754621
-0.7074204683303833, -0.3124738335609436, -0.9459068774177644, 1759350474918112846
-0.47453469038009644, -0.8556079268455505, -0.8731322858168854, 1759350474950711199
0.025088608264923096, -0.17567628622055054, -1.0652123821116497, 1759350474987829260
0.0811280608177185, 0.03988713026046753, -0.9859454109850214, 1759350475017815710
0.32102376222610474, -0.7901051044464111, -0.9851261270146081, 1759350475047846647
0.596407413482666, -0.00477832555770874, -0.9372579496818073, 1759350475078574584
0.38715314865112305, -0.4215625524520874, -0.9222831891118212, 1759350475110248298
-0.21792924404144287, -0.2965541481971741, -1.019927770807363, 1759350475138551707
0.3167846202850342, -0.7851532697677612, -0.9216034255110016, 1759350475167992701
0.04033166170120239, -0.2256419062614441, -0.9576103031930087, 1759350475198066143
-0.7531465291976929, -0.6279968023300171, -0.9536449887507402, 1759350475228075101
-0.16101771593093872, -0.10265588760375977, -0.9212535167414784, 1759350475258092577
-0.47160303592681885, -0.10274612903594971, -0.916727165960484, 1759350475318338900
0.7897064089775085, -0.14314979314804077, -0.8678733707403249, 1759350475351050882
-0.3588821291923523, -0.616176962852478, -1.1131419260624877, 1759350475378424180
-0.6564143300056458, -0.1219627857208252, -0.927710718617664, 1759350475408805278
0.15750908851623535, -0.9178115129470825, -0.9474285325393379, 1759350475438402227
-0.32362842559814453, 0.2586522698402405, -0.9443035586539602, 1759350475468426709
-0.2434672713279724, -0.5826185345649719, -0.935027133616342, 1759350475498474425
-0.9216780066490173, 0.0660894513130188, -0.9722219992874811, 1759350475558600623
-0.4248063564300537, -0.7468882203102112, -0.9380252236961797, 1759350475590556539
-0.05006605386734009, -0.11082607507705688, -1.0362557858850119, 1759350475618854477
-0.21623492240905762, -0.42550837993621826, -0.9090634654810569, 1759350475649126308
0.29166167974472046, -0.3524489998817444, -0.9530404755835147, 1759350475678936914
0.0005759596824645996, -0.4800698161125183, -0.9528090815498264, 1759350475708942686
0.2570660710334778, -0.19965392351150513, -0.9192854722703586, 1759350475738998145
0.016924738883972168, -0.4172711968421936, -0.932278088837784, 1759350475769066112
-0.8495048880577087, -0.2614365220069885, -0.9126601172809289, 1759350475799191578
-0.03231668472290039, -0.38218069076538086, -0.8496716718078619, 1759350475830350709
-0.21956747770309448, -0.13358378410339355, -0.8654485756656894, 1759350475862496268
0.156466543674469, -0.3807132840156555, -0.9899072498775849, 1759350475889489082
0.47205454111099243, -0.5754001140594482, -0.8933554500274831, 1759350475919426220
0.40655237436294556, -0.1308121681213379, -0.9236101641574648, 1759350475949477888
0.05628478527069092, -0.8634504079818726, -0.8801283136372401, 1759350475979547207
0.42909300327301025, 0.21387571096420288, -0.869622154935366, 1759350476009620948
0.2905362844467163, -0.4339049458503723, -0.902921899125623, 1759350476039730317
0.19062036275863647, -0.20034223794937134, -0.8598906634594177, 1759350476070782777
0.21125805377960205, 0.24947714805603027, -0.8808328005094398, 1759350476102503906
-0.15475404262542725, -0.625888466835022, -1.036552401796937, 1759350476130120989
0.5085602402687073, -0.37940841913223267, -0.924053318070263, 1759350476160022576
0.06470024585723877, -0.6203352808952332, -0.9596239882821597, 1759350476189246940
-0.3199547529220581, -0.23428219556808472, -0.8556055745385273, 1759350476220347606
0.3844556212425232, -0.4141124486923218, -0.9078433953916065, 1759350476249172254
0.11515480279922485, -0.5253785848617554, -0.89605699462506, 1759350476280277890
-0.03428083658218384, -0.005027592182159424, -0.9092502686006049, 1759350476310626720
1.067088007926941, -0.4615132212638855, -0.8595315107733924, 1759350476342349297
0.18884623050689697, 0.3138093948364258, -0.8938869234914987, 1759350476372630151
-0.1747918725013733, -0.3825203776359558, -0.958317926529602, 1759350476399615246
-0.019366323947906494, -0.17570310831069946, -0.8552944183928574, 1759350476430747421
-0.4872029423713684, -0.8629412055015564, -0.8849580146979997, 1759350476502319701
-0.42580264806747437, -0.10375034809112549, -0.8470919048812533, 1759350476533715880
-0.8004639148712158, -0.8630654215812683, -1.0047186763807618, 1759350476560962027
-0.10305130481719971, -0.3508014678955078, -0.9113360368054269, 1759350476590905763
-0.6360024213790894, 0.12503820657730103, -0.8813249437162409, 1759350476620937552
0.32756316661834717, -0.5019015073776245, -0.88676260013273, 1759350476651024827
0.15827041864395142, 0.01488792896270752, -0.9153518758769339, 1759350476681307173
0.13786238431930542, -0.42760032415390015, -0.8992523801282094, 1759350476711232590
-0.08195251226425171, -0.12845438718795776, -0.8614707160542617, 1759350476742399374
-0.7235779762268066, -0.4624101519584656, -0.8415283649923011, 1759350476774754725
-0.4310567378997803, -0.457391619682312, -0.9847527642494137, 1759350476801729761
-0.5043423175811768, -0.28377974033355713, -0.9181444001747388, 1759350476831504551
-0.35442447662353516, -0.5308220982551575, -0.8688441297460988, 1759350476861513188
-0.015927255153656006, 0.5149043202400208, -0.8186645587358523, 1759350476921684659
0.16775280237197876, -0.9217238426208496, -0.8432192158645776, 1759350476951773614
0.4046800136566162, -0.11226248741149902, -0.8199779130846557, 1759350476982765559
0.49972081184387207, -0.3019564151763916, -0.8553265749865729, 1759350477014320392
-0.08902817964553833, -0.7302374839782715, -0.9792132661017106, 1759350477042264722
0.15069276094436646, -0.11700797080993652, -0.8605947378811447, 1759350477072376396
-0.31012052297592163, -0.3770357370376587, -0.8575959936687334, 1759350477102321997
0.21979820728302002, -0.31537407636642456, -0.8315589725411237, 1759350477132777022
0.22025173902511597, 0.29166364669799805, -0.8505603208612726, 1759350477163041059
0.3763769865036011, -0.3991488218307495, -0.8970393661961206, 1759350477192811498
0.44377225637435913, -0.2974167466163635, -0.8625998424044393, 1759350477223342391
-0.2600611448287964, -0.2927475571632385, -0.8459810113203998, 1759350477254752170
0.03723114728927612, -0.16433298587799072, -0.9336130956529909, 1759350477313418402
-0.0750657320022583, -0.542426347732544, -0.891670694641034, 1759350477342915313
0.48544347286224365, -0.49481523036956787, -0.8809806732186335, 1759350477372990013
-0.2924097180366516, -0.28734779357910156, -0.8614832281552759, 1759350477403199765
0.15673768520355225, -0.48133474588394165, -0.8580143928369796, 1759350477433058471
-0.2732527256011963, 0.44074779748916626, -0.8526403638068688, 1759350477463103575
-0.34152692556381226, -0.7018153667449951, -0.7895238656926934, 1759350477494355643
-0.2405492067337036, -0.023126304149627686, -0.9120973562707422, 1759350477553210118
0.2136285901069641, -0.8865419030189514, -0.8498002951550032, 1759350477582182808
0.5923326015472412, 0.3787396550178528, -0.830407394258811, 1759350477613249658
0.1942238211631775, -0.6250831484794617, -0.8918461949690081, 1759350477643251871
-0.14016693830490112, 0.07155507802963257, -0.8316247545502209, 1759350477673364645
0.5546228289604187, -0.13450652360916138, -0.830258971638066, 1759350477703385485
-0.3384960889816284, -0.6136820316314697, -0.8355561263212788, 1759350477735127637
-0.058816730976104736, -0.27821117639541626, -0.8223981945259564, 1759350477766546933
-0.7588976621627808, -0.5023391246795654, -0.852013651906384, 1759350477833928157
-0.09369832277297974, -0.17040246725082397, -0.8514336783618145, 1759350477863759744
-0.3272092342376709, -0.44429826736450195, -0.7531675898302637, 1759350477927357499
0.3665977120399475, -0.4798475503921509, -0.8858144367496996, 1759350477963958132
-0.1992264986038208, 0.10139971971511841, -0.7942844523802463, 1759350477994140492
0.7626937627792358, -0.4996268153190613, -0.8109939191873681, 1759350478024381353
-0.37864506244659424, -1.1086277961730957, -0.8107278573474134, 1759350478054740872
1.0166313648223877, 0.21128422021865845, -0.7482007810061206, 1759350478086317611
0.21437209844589233, -0.5077680945396423, -0.8629365928605063, 1759350478114505781
0.3280700445175171, -0.03838038444519043, -0.7888904856327323, 1759350478144553960
0.7714931964874268, -0.28547394275665283, -0.8053050494150804, 1759350478174423884
-0.28963375091552734, -0.053816795349121094, -0.8472051993508856, 1759350478204479704
-0.5660629272460938, -0.566439151763916, -0.8428588786930186, 1759350478234535163
-0.15286290645599365, -0.40656232833862305, -0.8555273279537404, 1759350478264642729
-0.20303726196289062, -0.6170488595962524, -0.8360110655407321, 1759350478294733753
0.2267894744873047, -0.5971722602844238, -0.7702300429086885, 1759350478326308584
0.3332262635231018, 0.10309368371963501, -0.7811796974915991, 1759350478357683027
0.09791642427444458, -0.8772243857383728, -0.8658606875669185, 1759350478385011378
0.5252190828323364, 0.27226847410202026, -0.7882003224041975, 1759350478414965070
-0.24145442247390747, -0.8882153034210205, -0.6995574340806948, 1759350478438047249
-0.3541322946548462, -0.7253124713897705, -0.863550947193561, 1759350478475354583
-0.19169843196868896, 0.2294691801071167, -0.891750778793237, 1759350478504424532
-0.4436412453651428, -1.2364840507507324, -0.8394418774666904, 1759350478535257451
-0.43604934215545654, 0.4376620650291443, -0.832761822390838, 1759350478605520791
-0.0953902006149292, -0.4450834393501282, -0.8172873569907388, 1759350478665517033
-0.6806020140647888, -0.42217403650283813, -0.8437435172448846, 1759350478695619504
0.3989362120628357, -0.603137731552124, -0.7835361856640332, 1759350478726790830
-0.21510004997253418, -0.003736257553100586, -0.761502047162927, 1759350478758927600
-0.23015177249908447, -0.13374179601669312, -0.9262992190636913, 1759350478786232720
-0.12648296356201172, -0.3597724437713623, -0.8409639925676649, 1759350478815884142
-0.4976622462272644, -0.008080065250396729, -0.8038781558439887, 1759350478845897931
0.015533208847045898, -0.22000598907470703, -0.8424859630992421, 1759350478865201334
-0.2696794271469116, -0.24627560377120972, -0.7779028206041374, 1759350478896020002
-0.8506510853767395, -0.21845918893814087, -0.7762196759582348, 1759350478926390422
-0.1743694543838501, -0.5051174759864807, -0.7824702120239618, 1759350478956207838
-0.813193142414093, -0.5939629077911377, -0.7902593483157059, 1759350479016339562
-0.20971179008483887, 0.04777044057846069, -0.7503600866366078, 1759350479046741978
-0.4152415990829468, -0.7365827560424805, -0.7103446694462595, 1759350479078879916
-0.16438508033752441, -0.14353030920028687, -0.8102388419550736, 1759350479136873189
-0.42933928966522217, -0.36531996726989746, -0.7857417982566908, 1759350479166880456
0.42581307888031006, -0.6792336702346802, -0.8027596864771359, 1759350479196729862
-0.39422404766082764, -0.13904547691345215, -0.810918449745715, 1759350479226758618
-0.1503186821937561, -0.46254467964172363, -0.7801503233296556, 1759350479257106905
-0.7081923484802246, -0.6619250178337097, -0.8078952950876526, 1759350479286888870
-0.09097224473953247, 0.21726667881011963, -0.7617937763106443, 1759350479318436977
-0.9015595316886902, -0.6514201164245605, -0.7464733164532275, 1759350479350760313
0.6831292510032654, -0.9995940327644348, -0.8551205611437211, 1759350479387128403
0.9601870179176331, 0.11054414510726929, -0.7838290804384174, 1759350479417230070
-0.06958001852035522, -0.8294910788536072, -0.7959612805314975, 1759350479447458705
-0.5224718451499939, -0.5249594449996948, -0.7289004813766288, 1759350479478567005
0.5629637241363525, -0.004125535488128662, -0.6957541997445212, 1759350479510879298
0.04634147882461548, -0.5891016125679016, -0.8463111484334247, 1759350479537839095
0.6343958377838135, -0.3414507508277893, -0.757917681634803, 1759350479568612288
-0.2376694679260254, 0.043025314807891846, -0.8146623888351145, 1759350479598128796
-0.3346394896507263, -0.8377665877342224, -0.7982336112545291, 1759350479628336310
-0.12805140018463135, -0.17765426635742188, -0.8365708839231961, 1759350479687229192
-0.14911717176437378, -0.40470629930496216, -0.719486609719686, 1759350479718858158
-0.32608306407928467, -0.36825430393218994, -0.725913596333117, 1759350479750879351
-0.364685595035553, -0.05891627073287964, -0.8532904104713794, 1759350479778479332
-0.6228878498077393, -0.8012317419052124, -0.753693804826446, 1759350479808444129
-0.30718570947647095, -0.5973385572433472, -0.7824733336035762, 1759350479868416976
0.2103371024131775, 0.08835011720657349, -0.8223531621125011, 1759350479928397124
0.21804660558700562, -0.34604841470718384, -0.7718110064793436, 1759350479958784834
0.12179666757583618, -0.30376410484313965, -0.6854917769308181, 1759350479990720044
-0.2984004616737366, -0.12271225452423096, -0.7663484408983415, 1759350480018588286
0.0031085610389709473, -0.14197778701782227, -0.6924479478616002, 1759350480048749839
-0.1936919093132019, -0.9497652053833008, -0.7173258506239204, 1759350480078654055
0.15975791215896606, 0.08456748723983765, -0.7427715006010873, 1759350480108739416
0.32629233598709106, -0.6037030816078186, -0.7772558182108561, 1759350480138818879
-0.2029653787612915, -0.3613855838775635, -0.7839700191416542, 1759350480168241159
0.9251196980476379, -5.799531936645508e-05, -0.7265234095513036, 1759350480198927076
0.10150760412216187, -0.49346745014190674, -0.7301951962469406, 1759350480230537293
0.019359171390533447, -0.8957599997520447, -0.7790091985115473, 1759350480259111374
0.48694849014282227, -0.05971342325210571, -0.7229503300279045, 1759350480289220422
-0.5463384985923767, -0.5619366765022278, -0.7297409584167123, 1759350480319233606
-0.3224530816078186, -0.42519044876098633, -0.7353686572362333, 1759350480349254031
-0.12243634462356567, -0.061510562896728516, -0.7921891540320011, 1759350480379300491
-0.18748807907104492, -0.5693512558937073, -0.7665678368700073, 1759350480409389129
0.3839590549468994, -0.3575372099876404, -0.736804224902458, 1759350480439468494
0.08582675457000732, 0.20394474267959595, -0.7205300304739557, 1759350480471043390
0.0757598876953125, -0.9653144478797913, -0.7093657589375072, 1759350480502037613
0.08695781230926514, -0.19249147176742554, -0.8022820642687364, 1759350480529730233
-1.1448811292648315, -0.02906101942062378, -0.750518888517189, 1759350480559720408
0.03277391195297241, -0.8339435458183289, -0.7402036828180625, 1759350480589802823
-0.488422691822052, -0.36054110527038574, -0.7682953334424717, 1759350480619839047
-1.176886796951294, 0.06066763401031494, -0.7471068463072953, 1759350480649874669
0.26963675022125244, -0.48640936613082886, -0.7184965052444601, 1759350480679954235
-0.2993486523628235, -0.3286229372024536, -0.7052824676759766, 1759350480710547615
-0.152305006980896, -0.2287149429321289, -0.6594634255966828, 1759350480742579299
-0.16213589906692505, -0.7904501557350159, -0.759065126384668, 1759350480770257247
-0.3123054504394531, -0.2621455192565918, -0.703545145236545, 1759350480800223349
-0.07176727056503296, -0.7429916262626648, -0.7634166600236219, 1759350480830316777
-0.6170383095741272, -0.060998499393463135, -0.7579446147070208, 1759350480860351800
-0.8254245519638062, -0.08407902717590332, -0.6968811250477595, 1759350480890651472
0.08093905448913574, -0.32964545488357544, -0.710650399145157, 1759350480920689758
-0.4481661915779114, 0.23156410455703735, -0.6897048854680577, 1759350480950903690
0.13415110111236572, -0.7872745990753174, -0.6432894362214918, 1759350480982963704
-0.012089908123016357, -0.2319210171699524, -0.7069679494416382, 1759350481013297191
0.5835253596305847, -0.36958569288253784, -0.7824774806653663, 1759350481039849713
0.5293681025505066, -0.635350227355957, -0.6953988116512589, 1759350481070885902
-0.10641658306121826, -0.24772590398788452, -0.7257382917223405, 1759350481100896021
0.5554770231246948, -0.17909455299377441, -0.7346406341752737, 1759350481130968224
-0.3456054925918579, -0.9678831696510315, -0.7342314208997746, 1759350481161023721
0.11374527215957642, 0.04873204231262207, -0.7390142854696458, 1759350481190196102
0.7787400484085083, 0.09127885103225708, -0.6502844456675422, 1759350481222581327
0.012208700180053711, -0.9160909652709961, -0.6583136760798918, 1759350481254508054
0.8845716714859009, -0.1185981035232544, -0.8033802393141378, 1759350481281393872
-0.16815555095672607, -0.342151939868927, -0.7139666455974409, 1759350481311455849
-0.18343818187713623, -0.26236414909362793, -0.6673239446081662, 1759350481341640643
-0.5376548767089844, -0.6568775177001953, -0.6829085436506831, 1759350481371765517
-0.42768651247024536, -0.2796872854232788, -0.7064215835005626, 1759350481401739445
-0.7729458808898926, -0.36018526554107666, -0.7217238686625329, 1759350481431732065
-0.08237731456756592, -0.6629401445388794, -0.7187632239153152, 1759350481462568155
-0.016199707984924316, -0.16981935501098633, -0.7052378152388017, 1759350481493956480
0.46323972940444946, -0.17510348558425903, -0.8146834709638031, 1759350481521873456
-0.07004034519195557, -0.23767030239105225, -0.7637559870242456, 1759350481551911530
0.4466647505760193, -0.1250753402709961, -0.6972028948171103, 1759350481582037959
-0.5427247285842896, -0.2612151503562927, -0.6853754666714332, 1759350481612065765
0.14168637990951538, -0.15671634674072266, -0.6739869433304371, 1759350481642138093
0.07544738054275513, -0.7568690776824951, -0.6644173622917608, 1759350481672387184
0.2537325620651245, 0.0965195894241333, -0.7059303834064862, 1759350481702636205
0.3261721134185791, -0.7435773015022278, -0.6337564856212599, 1759350481735666113
0.47301220893859863, 0.235182523727417, -0.7440858143026997, 1759350481762426641
1.2481577396392822, -0.07387113571166992, -0.6522970236656559, 1759350481793058410
-0.11506742238998413, -0.40596818923950195, -0.6633226169153594, 1759350481823084470
1.3580317497253418, -0.19333690404891968, -0.6659553513875716, 1759350481853128906
0.06791079044342041, -1.1119464635849, -0.7304964668559913, 1759350481883125290
0.055720746517181396, 0.43302100896835327, -0.7184227461267446, 1759350481912174310
-0.3970235586166382, -0.6283512115478516, -0.6104473879996698, 1759350481943221584
-0.8107419013977051, -0.48962175846099854, -0.6049249169885745, 1759350481974557147
0.42343711853027344, -0.001499950885772705, -0.649196855719438, 1759350482006002749
-1.220642328262329, -0.4984794855117798, -0.751167389857202, 1759350482033245107
-0.06325137615203857, -0.3341297507286072, -0.691490109590364, 1759350482063240092
-0.5565499663352966, -0.23693537712097168, -0.7051192982459685, 1759350482093328667
-0.36557936668395996, -0.16886955499649048, -0.6779059831374505, 1759350482123390181
-0.1975468397140503, -0.5721805095672607, -0.696219711190141, 1759350482153422429
-0.5018199682235718, -0.2486770749092102, -0.689466317900341, 1759350482183451724
0.6160883903503418, -0.5528744459152222, -0.6587804803462675, 1759350482214576573
-0.7414608597755432, 0.1219530701637268, -0.6750121672681881, 1759350482246460631
0.08122259378433228, -0.5195989012718201, -0.770696146039756, 1759350482273481507
-0.5992468595504761, 0.05133974552154541, -0.6790121247563101, 1759350482303582972
-0.2691984176635742, -0.4042048454284668, -0.6702945618839299, 1759350482333678257
-0.5034356117248535, -0.5493407845497131, -0.694118170127718, 1759350482363760780
-0.19024914503097534, -0.1855805516242981, -0.6993093187472303, 1759350482393831532
0.29179495573043823, -0.737450897693634, -0.7087013090748355, 1759350482423833394
0.7940584421157837, 0.09709733724594116, -0.6453338301924644, 1759350482454967603
0.3871646523475647, 0.033551812171936035, -0.6276000263445595, 1759350482486481118
0.4947661757469177, -0.1850583553314209, -0.6945519648703032, 1759350482514282518
0.8222361207008362, -0.05543440580368042, -0.6677855106624098, 1759350482544116476
-0.017262756824493408, -0.6158634424209595, -0.7108662667470322, 1759350482574233264
0.05796957015991211, 0.12355703115463257, -0.6711589641474773, 1759350482604282645
-0.3449099063873291, -0.5757514238357544, -0.6094531684164322, 1759350482634337464
-0.15160071849822998, -0.4877617359161377, -0.5992078769914526, 1759350482664384821
-0.5795466303825378, -0.49129271507263184, -0.6465580807711573, 1759350482694642872
-0.8221957087516785, -0.2134760022163391, -0.5942266848917067, 1759350482726613549
-0.16758275032043457, -0.5598534345626831, -0.6252845342816804, 1759350482756570110
-0.34964269399642944, -0.13496792316436768, -0.6872303814796351, 1759350482784660384
0.4723008871078491, 0.03205162286758423, -0.6224674124754911, 1759350482814729192
-0.06460225582122803, -0.41385215520858765, -0.6532628192442519, 1759350482844810807
0.3258327841758728, -0.5549339652061462, -0.7071672841315174, 1759350482873857173
0.22742557525634766, -0.32863694429397583, -0.6743477057386948, 1759350482904966621
0.15247559547424316, 0.31144118309020996, -0.6745553607282151, 1759350482935045968
-0.1534503698348999, -0.4686586260795593, -0.6506841421183874, 1759350482967207669
-0.615244448184967, -0.302001416683197, -0.6612065279208108, 1759350482998098869
0.11370337009429932, -0.22680115699768066, -0.7282018792546614, 1759350483025459746
0.317865252494812, -0.2775806188583374, -0.6855834860232273, 1759350483055344643
-0.6478573083877563, -0.3432782292366028, -0.6580138212496623, 1759350483085918500
-0.05774712562561035, -0.22963809967041016, -0.697283512720249, 1759350483115365236
-0.19078904390335083, -0.19697970151901245, -0.715202002285728, 1759350483145449293
-0.8747813105583191, -0.2766011953353882, -0.6351555406920649, 1759350483175749903
-0.46559637784957886, -0.09378963708877563, -0.6085962207476091, 1759350483206645823
0.1785457730293274, -0.3580095171928406, -0.6097444115591764, 1759350483238857257
-0.4249264597892761, -0.3127244710922241, -0.7250056666152511, 1759350483265835172
0.4450554847717285, 0.02010411024093628, -0.6388476342621163, 1759350483296003298
0.03598994016647339, -0.5646281242370605, -0.6591380513550721, 1759350483325896829
0.48382270336151123, -0.18730968236923218, -0.6543707627322891, 1759350483354890569
-0.18959522247314453, 0.1915799379348755, -0.6167542249440389, 1759350483386284008
0.01041710376739502, -0.50728839635849, -0.6597085445615511, 1759350483416060189
-0.20096975564956665, -0.28425168991088867, -0.6346527306161834, 1759350483446560459
-0.6103203296661377, -0.4182790517807007, -0.5882254280699674, 1759350483479300596
-0.16305547952651978, -0.06875228881835938, -0.6919441911596137, 1759350483506358633
0.08930808305740356, -0.5470560789108276, -0.6598179580053593, 1759350483536335205
-0.07689440250396729, -0.5890824198722839, -0.6482126909820457, 1759350483576436282
-0.9649158716201782, -0.20325881242752075, -0.5850354125555726, 1759350483639394636
-0.0007312297821044922, -0.06751352548599243, -0.6905301507144246, 1759350483676844148
-0.7433523535728455, -0.40181493759155273, -0.6416703718058104, 1759350483706728858
0.018155932426452637, 0.06941467523574829, -0.6200582495199767, 1759350483737120487
0.6079378128051758, -0.023254036903381348, -0.5893205503834862, 1759350483798163737
0.6567177772521973, -0.26600152254104614, -0.6267931172735584, 1759350483829610403
0.5597962737083435, -0.7377991676330566, -0.6929083906182816, 1759350483857235381
1.1388182640075684, 0.29445141553878784, -0.5783598679940086, 1759350483887124630
0.08288824558258057, -0.14012748003005981, -0.6484241227576123, 1759350483947277822
0.596855640411377, -0.059943556785583496, -0.6048245562787129, 1759350483977312313
-1.0439167022705078, -0.3172593116760254, -0.6420083693143559, 1759350484007397020
0.14665573835372925, -0.2976342439651489, -0.6138844074266206, 1759350484038623143
-0.6557082533836365, -0.27039235830307007, -0.6010338694044859, 1759350484070871077
-0.7367125153541565, -0.3740798234939575, -0.7171845313905892, 1759350484097555200
-0.5868403911590576, -0.43039125204086304, -0.6153682361225101, 1759350484127988479
0.2535663843154907, -0.13034528493881226, -0.6009130964053261, 1759350484158023881
0.25777655839920044, -0.20263922214508057, -0.6404627067575474, 1759350484217936839
-0.34202152490615845, -0.24001657962799072, -0.6205141678407843, 1759350484247895702
0.9401065707206726, -0.10140860080718994, -0.6101888406413027, 1759350484277937250
0.1633514165878296, -0.1946088671684265, -0.5470306549164422, 1759350484311554834
0.7870293259620667, -0.41280829906463623, -0.6514241038582083, 1759350484347240179
0.04120856523513794, 0.2261108160018921, -0.6007332134294956, 1759350484378301147
-0.11191606521606445, -0.7233158946037292, -0.5674880286199542, 1759350484408371166
-0.1000407338142395, -0.1727885603904724, -0.554847470247935, 1759350484439082187
-0.5632339715957642, -0.08474260568618774, -0.5469149961908557, 1759350484471038389
0.19851374626159668, -0.642179548740387, -0.6786253833147872, 1759350484498819232
-0.8742769360542297, 0.15116041898727417, -0.6354085759288812, 1759350484528726428
-0.6841540336608887, -0.8092655539512634, -0.6033378104485386, 1759350484558631577
-0.2204257845878601, 0.16488713026046753, -0.6125166180965947, 1759350484588806148
-0.21112245321273804, 0.5844427347183228, -0.6218419355291591, 1759350484618756208
-0.5029367804527283, -0.3983362317085266, -0.5714154411405252, 1759350484679055511
-0.3830985426902771, -0.40208977460861206, -0.55022978875744, 1759350484710889924
-0.6706088185310364, -0.3832991123199463, -0.609285485563882, 1759350484769223416
-0.1743868589401245, -0.1822648048400879, -0.6309198585808375, 1759350484829257265
0.1665462851524353, -0.5248987674713135, -0.5873745270376554, 1759350484870164239
0.06787091493606567, 0.05151510238647461, -0.5709052359891467, 1759350484902423378
-0.00017130374908447266, -0.7909401655197144, -0.6493117817381322, 1759350484929637415
0.679888904094696, 0.040067970752716064, -0.5567318439830367, 1759350484959744731
-0.23830020427703857, -0.2320740818977356, -0.6148299516277719, 1759350484989707542
0.6776846647262573, -0.04271143674850464, -0.5992840482958702, 1759350485019887175
0.19706475734710693, -0.3313920497894287, -0.5902784408068704, 1759350485049887687
0.11409074068069458, -0.676245927810669, -0.603830519818774, 1759350485079772250
0.021209537982940674, -0.24449610710144043, -0.5666127520548806, 1759350485110780146
-0.5457133650779724, 0.17294979095458984, -0.552160757651488, 1759350485143227747
0.1254621148109436, -0.38960081338882446, -0.7132908163955032, 1759350485169999136
-0.6294281482696533, -0.22621065378189087, -0.6083042207099109, 1759350485199004775
-0.9851523637771606, -0.08360409736633301, -0.5180489687255068, 1759350485230136352
-0.4379776120185852, 0.0382426381111145, -0.5938073656171438, 1759350485259168193
-0.5198640823364258, -0.3260752558708191, -0.5939995691102902, 1759350485290280197
-0.3918899893760681, -0.24738425016403198, -0.5801669628277869, 1759350485320295370
0.31070274114608765, -0.28054124116897583, -0.5735706420445341, 1759350485350841125
0.3054770827293396, -0.3402751088142395, -0.5499312562676301, 1759350485382775643
1.2157676219940186, -0.2340855598449707, -0.6741908339928788, 1759350485410773912
-0.3654392957687378, -0.1848788857460022, -0.6302932963627239, 1759350485440732462
0.33598852157592773, -0.34412670135498047, -0.5721051207344247, 1759350485470680334
0.2733766436576843, -0.05074518918991089, -0.5953893223842827, 1759350485500690241
0.6105436682701111, -0.7317142486572266, -0.5949184311488236, 1759350485560852135
-0.564228892326355, 0.11615908145904541, -0.5804057795670481, 1759350485591316067
0.27504706382751465, -0.5302043557167053, -0.5648212359284509, 1759350485622777533
-0.46492820978164673, 0.23382025957107544, -0.6024232438754702, 1759350485653607063
-0.713437557220459, -0.16311824321746826, -0.6651151822821469, 1759350485681225853
-0.130576491355896, -0.3424699306488037, -0.604999255007585, 1759350485710181548
0.2529448866844177, -0.41973876953125, -0.4728429821545173, 1759350485734061287
0.07523787021636963, 0.29269570112228394, -0.5868785322953678, 1759350485801374426
0.035781025886535645, 0.04534804821014404, -0.5616253607909847, 1759350485863115633
0.13669341802597046, -0.14023256301879883, -0.5585015693903082, 1759350485894649940
0.3920331597328186, 0.06445813179016113, -0.6198852058202053, 1759350485921754114
0.06654989719390869, -0.4699156880378723, -0.5827526231835358, 1759350485951771422
-0.45189720392227173, -0.23540019989013672, -0.5656755921861369, 1759350485981809440
0.7797307968139648, 0.1783660650253296, -0.5286286484116551, 1759350486011826380
-0.7249141335487366, -0.32864582538604736, -0.557634005749755, 1759350486041864478
0.0006654262542724609, -0.41954416036605835, -0.5472817748320116, 1759350486071997815
-0.4754813313484192, -0.5567249655723572, -0.5539576178942138, 1759350486103663608
-0.5307648777961731, 0.2706822156906128, -0.551436673562708, 1759350486134672091
-0.2186352014541626, -0.2923687696456909, -0.6323328435528189, 1759350486162308259
-0.5357159376144409, -0.0478174090385437, -0.5786892871473213, 1759350486192270412
-0.5252886414527893, -0.5089609622955322, -0.5659076025017501, 1759350486222405509
-0.07405614852905273, -0.35260772705078125, -0.5890690751366079, 1759350486252686759
0.014008164405822754, 0.02810007333755493, -0.5891859349970505, 1759350486282754186
-0.6887369751930237, -0.44103920459747314, -0.6611750952796152, 1759350486343348088
0.04610508680343628, -0.16390681266784668, -0.5729563152664942, 1759350486374773366
-0.08040916919708252, -0.0205916166305542, -0.5562037552586584, 1759350486405298344
0.32917672395706177, -0.2282809019088745, -0.5892380207710783, 1759350486433654550
0.018167972564697266, -0.3453488349914551, -0.546020405254851, 1759350486463382876
-0.5399237871170044, 0.10243207216262817, -0.513210234846548, 1759350486493462039
0.17829614877700806, -0.8713083267211914, -0.5189160605197903, 1759350486523618228
-0.9321828484535217, 0.229455828666687, -0.5613295856209846, 1759350486553468986
-0.4656168818473816, 0.11394864320755005, -0.541731679499617, 1759350486583688497
-0.0116538405418396, -0.3969009518623352, -0.5548461947395554, 1759350486614153611
-0.04769402742385864, -0.0594325065612793, -0.508267270884501, 1759350486646676555
-0.11549997329711914, -0.7209070324897766, -0.5933873167572393, 1759350486683525216
-0.10689467191696167, 0.045497894287109375, -0.5527317139269541, 1759350486713837708
0.4532797336578369, -0.12591177225112915, -0.5713659433536932, 1759350486775264857
-0.8018311262130737, -0.3239685893058777, -0.5438626263446381, 1759350486807789818
-0.27181166410446167, -0.7302277684211731, -0.5825759522707077, 1759350486873958470
-0.4271213412284851, 0.010957598686218262, -0.5438503976912169, 1759350486935183724
-0.6595093607902527, -0.05232501029968262, -0.5364603727043842, 1759350486966761492
0.9832852482795715, -0.5118300318717957, -0.5971146471829599, 1759350486993987443
-0.7299484610557556, 0.01651906967163086, -0.5297260065508, 1759350487024067833
-1.1471819877624512, -0.551061749458313, -0.5303977323933591, 1759350487053161918
0.3982429504394531, 0.24376392364501953, -0.47303252586654165, 1759350487084214096
-1.0640448331832886, -0.4158669114112854, -0.519408274695, 1759350487114302691
0.11339390277862549, -0.24528568983078003, -0.5437812044628448, 1759350487144434090
-0.38270360231399536, -0.19037151336669922, -0.568777404933891, 1759350487174951059
-0.03822118043899536, -0.09828674793243408, -0.6406853054390524, 1759350487206927758
0.42542046308517456, -0.11449819803237915, -0.6550699881741435, 1759350487234887317
0.23388147354125977, -0.8691097497940063, -0.483743802715118, 1759350487264622736
1.2295081615447998, 0.10840988159179688, -0.45970456157795525, 1759350487294932842
-0.40207576751708984, -0.410148024559021, -0.5429774752684223, 1759350487324921462
-0.018429994583129883, 0.20691734552383423, -0.6036677815832278, 1759350487354797441
-0.1716267466545105, -0.6030925512313843, -0.623010628175017, 1759350487384860269
-0.01983743906021118, -0.19036030769348145, -0.5849761406887591, 1759350487414945202
0.5895966291427612, -0.20695894956588745, -0.47782247106872716, 1759350487447230423
-0.936196506023407, 0.19909876585006714, -0.5282470871908127, 1759350487478012231
-0.8901446461677551, -0.16005432605743408, -0.5989014931830325, 1759350487505532124
-0.17987871170043945, -0.5078122615814209, -0.5241578956788295, 1759350487535203083
-0.3959311246871948, -0.0900527834892273, -0.42598256405116985, 1759350487558442946
-0.9473585486412048, 0.47225701808929443, -0.5456886890763595, 1759350487625451051
0.041850745677948, -0.3886645436286926, -0.5533853195053386, 1759350487655490498
0.011118113994598389, -0.4895027279853821, -0.5219752826012883, 1759350487686948503
0.8502001166343689, 0.002714097499847412, -0.49308703333902615, 1759350487718869671
0.325748085975647, -0.6079041361808777, -0.6451701856142862, 1759350487746125361
-0.24104905128479004, -0.23356914520263672, -0.5442013529082299, 1759350487775742574
0.48712462186813354, -0.2196962833404541, -0.5247129214803905, 1759350487805819715
0.7848447561264038, -0.3049558997154236, -0.5502415591256054, 1759350487865183742
-1.925903081893921, -0.05882233381271362, -0.5798188691397614, 1759350487925732628
-1.1473013162612915, -0.3655815124511719, -0.4801830267357925, 1759350487959340271
0.05588787794113159, -0.1260923147201538, -0.6053367441143467, 1759350487986468357
0.542728066444397, -0.5778583288192749, -0.5590949987924104, 1759350488016481599
-0.35256820917129517, -0.0391535758972168, -0.5221181684442341, 1759350488046371884
0.13161808252334595, -0.07087832689285278, -0.49859396127671324, 1759350488076719534
-0.11759793758392334, -0.26444607973098755, -0.5353047108849894, 1759350488106519482
-1.2509758472442627, -0.35418397188186646, -0.5037760738246454, 1759350488136590484
-0.42803263664245605, -0.73995041847229, -0.4798406796229365, 1759350488166886333
-0.40018224716186523, 0.029131591320037842, -0.46926211377143484, 1759350488198803838
-0.7256209850311279, 0.1007239818572998, -0.5221301151926719, 1759350488227102407
0.6467113494873047, -0.01737678050994873, -0.5300763212362991, 1759350488256964209
-0.7739362120628357, -0.3989148736000061, -0.6017216512605301, 1759350488286180321
0.6761887073516846, -0.3872572183609009, -0.5242885634040163, 1759350488327351457
-1.290013313293457, -0.1485787034034729, -0.5088491522074603, 1759350488359348573
0.2052469253540039, -0.6889322996139526, -0.5312052434012042, 1759350488389240170
-0.3243999481201172, 0.29397517442703247, -0.6142467926469676, 1759350488416375399
-1.219679355621338, -0.0231437087059021, -0.5184706115260358, 1759350488447232269
-0.0956389307975769, -0.3647106885910034, -0.5601231176688702, 1759350488497548955
0.22467386722564697, 0.21202588081359863, -0.5077831124328126, 1759350488527539150
0.580959141254425, -0.11852753162384033, -0.5456285938862271, 1759350488557457658
-1.1208831071853638, -0.47186219692230225, -0.5458069158545017, 1759350488587568198
-0.4924163818359375, 0.02221691608428955, -0.5135888180770655, 1759350488617661659
-0.17293500900268555, -0.6486566662788391, -0.5343539882861054, 1759350488647740060
-0.8499953746795654, 0.28433722257614136, -0.46545642839022017, 1759350488679520031
0.42726773023605347, -0.20832109451293945, -0.45691670738545315, 1759350488710157010
-0.9938271045684814, -0.09099644422531128, -0.5580383764429944, 1759350488738093666
0.5193822979927063, -0.11028856039047241, -0.5499524069558983, 1759350488768509612
-0.10968595743179321, -0.6388323307037354, -0.5539849229894127, 1759350488798019075
0.040673911571502686, -0.1801854968070984, -0.49372057717841955, 1759350488828088196
1.06361722946167, 0.35905033349990845, -0.524929950734484, 1759350488857269915
-1.1784061193466187, -0.8197396993637085, -0.5024982836747814, 1759350488887338235
0.5277740359306335, -0.779428243637085, -0.41727570774496314, 1759350488919269898
-0.7131785750389099, -0.01825326681137085, -0.45458475803739673, 1759350488951034922
0.3614499568939209, 0.38796454668045044, -0.5599957686090129, 1759350488978605149
-0.17936944961547852, -0.2638850808143616, -0.5482899568396499, 1759350489008930872
-0.7017489075660706, -0.27065157890319824, -0.5273425112361694, 1759350489038824065
0.10966020822525024, -0.2941315174102783, -0.5276410915277387, 1759350489068684047
-0.5976874828338623, -0.1966230273246765, -0.5233484152331549, 1759350489088642586
0.9576429128646851, -0.24675559997558594, -0.4969192083147412, 1759350489128784201
-0.1904427409172058, 0.12686467170715332, -0.5275164639160385, 1759350489159089604
0.5534274578094482, 0.082908034324646, -0.6021200024575573, 1759350489218997101
-0.3425958752632141, -0.37730586528778076, -0.5673349514132129, 1759350489249075240
-0.8906946182250977, -0.2008676528930664, -0.5189236497406186, 1759350489279079178
-0.04790186882019043, -0.10844087600708008, -0.5081416334522765, 1759350489308159039
0.2739819884300232, -0.45143210887908936, -0.4862452887750274, 1759350489369328634
-0.6349060535430908, 0.15419816970825195, -0.5344551872117902, 1759350489399373490
0.419267475605011, -0.25702136754989624, -0.5006216495108047, 1759350489431948677
0.6346195936203003, -0.027529478073120117, -0.5341549035699737, 1759350489489943913
0.9546530246734619, -0.2103695273399353, -0.5284861456177462, 1759350489519670796
-0.040179550647735596, -0.36870360374450684, -0.5106679619256584, 1759350489549766957
0.42171263694763184, -0.30254822969436646, -0.4719212977770478, 1759350489579806523
-0.992951512336731, -0.3526538014411926, -0.48710048871060513, 1759350489610091164
0.6414324045181274, -0.07120084762573242, -0.4682856513276684, 1759350489640719229
0.5849510431289673, -0.13260221481323242, -0.4999116957648683, 1759350489671191849
0.20562607049942017, -0.378171443939209, -0.4550234619964869, 1759350489703068853
1.3377244472503662, -0.24172335863113403, -0.5035125340945809, 1759350489730437615
0.24906080961227417, -0.6406581997871399, -0.5347453247019847, 1759350489759147764
0.4323745369911194, 0.13796812295913696, -0.4944474343157959, 1759350489789246467
0.6130638718605042, -0.27980607748031616, -0.46632277153454904, 1759350489820292701
0.9942830204963684, 0.1422199010848999, -0.5089855196261159, 1759350489850340075
-0.1787622570991516, -0.5548542141914368, -0.5198416077430179, 1759350489880413331
0.6449109315872192, -0.09856158494949341, -0.49433736749155677, 1759350489950617327
0.45830976963043213, -0.015641391277313232, -0.5026295187817055, 1759350490010733564
0.6553438901901245, -0.6245795488357544, -0.5048080487213971, 1759350490071577769
-1.006191611289978, -0.17972254753112793, -0.5302173510452475, 1759350490103275569
-1.7900071144104004, -0.3762684464454651, -0.5323407342379801, 1759350490134065561
0.08663392066955566, -0.223655104637146, -0.5519636233217383, 1759350490161038582
-0.2271924614906311, -0.33099615573883057, -0.4804188456608389, 1759350490191397022
-0.3279317021369934, 0.28884172439575195, -0.5106316776893138, 1759350490220183752
0.17970812320709229, -0.47553056478500366, -0.46066237114526254, 1759350490251509151
-1.2497915029525757, 0.07427209615707397, -0.45596614993250684, 1759350490281288765
-0.12437224388122559, -0.5969529747962952, -0.45004259720453094, 1759350490312004833
-0.8420438766479492, -0.4035477042198181, -0.46440762531913377, 1759350490374859705
0.6998654007911682, -0.3487205505371094, -0.4909301689074284, 1759350490411577147
0.3134263753890991, -0.6264908313751221, -0.4930721588001174, 1759350490471777761
-0.6866028904914856, -0.8456910848617554, -0.49669358335488206, 1759350490503312207
0.011312544345855713, -0.31402361392974854, -0.4785333931917005, 1759350490535031576
-0.2900378704071045, -0.19187700748443604, -0.5379050332285661, 1759350490561961762
0.5596004724502563, -0.09121936559677124, -0.4828382134153351, 1759350490592031460
-0.43359804153442383, -0.34843868017196655, -0.4819362594606819, 1759350490622099926
-0.6996905207633972, -0.06695085763931274, -0.4508851589656011, 1759350490652138852
-0.1439194679260254, -0.30196505784988403, -0.4706061309051274, 1759350490682346676
1.0163142681121826, 0.07716888189315796, -0.4793048511701524, 1759350490743121256
0.05982029438018799, -0.4261825680732727, -0.4986587155606736, 1759350490775379704
0.42635101079940796, -0.09993946552276611, -0.5506608030992981, 1759350490802522510
0.4484865069389343, -0.48653024435043335, -0.4904804975400604, 1759350490832841214
0.0765424370765686, 0.0045174360275268555, -0.4961260163870866, 1759350490862720243
-0.40614283084869385, -0.07994002103805542, -0.47893536918615764, 1759350490922793420
0.39597952365875244, -0.3232276439666748, -0.48728728482346606, 1759350490952795438
-0.183807373046875, -0.4462276101112366, -0.5068419625997389, 1759350490983568518
0.9738726019859314, -0.2193281054496765, -0.4602938971442611, 1759350491053581251
-0.13248342275619507, -0.2260848879814148, -0.4874438689030794, 1759350491083893961
0.4514610171318054, 0.047147393226623535, -0.48221535756157, 1759350491113634806
0.26852113008499146, -0.6035840511322021, -0.4613930316889371, 1759350491143769513
0.6413148045539856, 0.22655963897705078, -0.42957258332048454, 1759350491175124456
-1.1720085144042969, -0.4877007007598877, -0.5002750757282263, 1759350491233842853
1.0242857933044434, -0.11732679605484009, -0.4215291750460366, 1759350491264375793
0.04694586992263794, -0.5283336639404297, -0.4647126837334772, 1759350491293941688
1.1147491931915283, -0.2953372001647949, -0.44160394586974533, 1759350491323983083
0.07621991634368896, -0.48069196939468384, -0.4778885795532563, 1759350491354051546
-0.07325786352157593, 0.10669559240341187, -0.4561227354139724, 1759350491415664240
-1.3583216667175293, -0.23654234409332275, -0.4531693574443599, 1759350491447380082
-0.0683523416519165, -0.42477869987487793, -0.5257553081670494, 1759350491473163624
-0.3188721537590027, -0.17255324125289917, -0.47112972884928994, 1759350491503247189
-0.21732938289642334, -0.250773549079895, -0.46098244073584893, 1759350491534109134
-0.9987207055091858, -0.2545689344406128, -0.4661408320784474, 1759350491594256668
0.32056939601898193, -0.2873800992965698, -0.5149001672399001, 1759350491623315104
-0.3649005889892578, -0.45173633098602295, -0.49977543272190106, 1759350491654047485
0.8209890127182007, -0.24159544706344604, -0.4221599314861985, 1759350491687026420
0.12313538789749146, -0.04667407274246216, -0.4640625424034731, 1759350491715069586
-0.5965331792831421, -0.13712328672409058, -0.4350520949528221, 1759350491744738013
0.028290987014770508, 0.08122754096984863, -0.41574898939684807, 1759350491774896184
-0.8703910112380981, -0.8471240997314453, -0.4591826499225211, 1759350491804702762
0.1944027543067932, -0.35052454471588135, -0.5559713950980387, 1759350491834797604
-0.6172254681587219, 0.3036503195762634, -0.48928075543261773, 1759350491864870557
-0.7252498269081116, -0.6418730020523071, -0.42589043420278255, 1759350491895476879
1.1660947799682617, -0.5621637105941772, -0.4742458293832023, 1759350491927785895
0.5521262884140015, 0.15030771493911743, -0.4675268022945755, 1759350491958690030
-0.30863744020462036, 0.10922974348068237, -0.39470387493312414, 1759350491995259037
-0.1498318314552307, -0.5471836924552917, -0.42976910250173217, 1759350492025253479
-0.4053875803947449, 0.24448156356811523, -0.45104614554458616, 1759350492055439253
0.09628653526306152, -0.26736265420913696, -0.43396714087454685, 1759350492087100886
-0.4896376132965088, -0.6634396314620972, -0.4038754910363124, 1759350492118500779
0.8193365335464478, -0.02084583044052124, -0.4307553174713199, 1759350492146279141
0.6781641244888306, -0.4403887391090393, -0.48389239792571775, 1759350492175782312
-0.824260950088501, -0.38862282037734985, -0.44627428085188714, 1759350492205581550
-1.428354263305664, -0.14672118425369263, -0.41838839835026537, 1759350492265754264
0.34904903173446655, -0.6503230333328247, -0.44265503664107525, 1759350492295793482
0.02521616220474243, 0.09411382675170898, -0.4511448341249319, 1759350492327329020
0.20291650295257568, -0.242229163646698, -0.42970668365468495, 1759350492359061606
0.6383166313171387, -0.33128821849823, -0.5554856027620159, 1759350492386010860
0.11240541934967041, 0.02569890022277832, -0.48149839464670663, 1759350492416027653
-0.20696067810058594, -0.6235430240631104, -0.3954730252219501, 1759350492439495022
0.24254977703094482, 0.11516106128692627, -0.5092219428409731, 1759350492466231082
-1.0033479928970337, -0.6095845699310303, -0.454605069510784, 1759350492496230770
0.7475871443748474, 0.22995120286941528, -0.4635358795460633, 1759350492526290286
-0.2098751664161682, -0.4689691662788391, -0.48629437161228756, 1759350492556423727
0.21158689260482788, 0.19005590677261353, -0.45142092505260684, 1759350492586400433
-0.5918490886688232, -0.09583675861358643, -0.4088230977168879, 1759350492616566914
-0.7652684450149536, -0.5965811014175415, -0.39444935120221614, 1759350492647342986
0.13778728246688843, -0.32262033224105835, -0.41404435610123613, 1759350492679086212
-0.550368070602417, -0.6216304302215576, -0.4795207040906529, 1759350492706761096
0.2615150213241577, -0.17303824424743652, -0.47049290766306745, 1759350492736776153
0.26675981283187866, 0.18268483877182007, -0.48662841138558266, 1759350492766847207
0.18457353115081787, -0.2524205446243286, -0.4478058818941421, 1759350492796883621
0.9378787279129028, -0.3631138801574707, -0.426416902673359, 1759350492826964032
-0.21640825271606445, -0.12896263599395752, -0.4301078134981975, 1759350492857083925
0.5836743712425232, -0.4515131711959839, -0.42262918075730654, 1759350492887510733
-0.495375394821167, -0.7615377306938171, -0.41543724412150107, 1759350492919107545
0.6701136231422424, 0.07227438688278198, -0.4725487326342278, 1759350492947401248
0.4778631925582886, -0.12319362163543701, -0.47615542869335, 1759350492977331985
1.006371021270752, 0.07679075002670288, -0.44321822705392033, 1759350493007342045
0.6528721451759338, -0.15001165866851807, -0.46073251446380026, 1759350493036399836
-0.3938245177268982, -0.5722153186798096, -0.44984429134879633, 1759350493067449916
0.35912036895751953, -0.4211342930793762, -0.45845104590579916, 1759350493097569378
-0.26665979623794556, -0.2626136541366577, -0.45802991262900994, 1759350493127631827
0.989328145980835, -0.2855568528175354, -0.4213168149053723, 1759350493159283751
0.0015101432800292969, -0.6285004615783691, -0.4459835797823144, 1759350493190497199
-0.7305612564086914, 0.7623728513717651, -0.49417200308130904, 1759350493217796662
0.3153453469276428, -0.5354049801826477, -0.45841404260271323, 1759350493247875682
-0.0958935022354126, -0.19249677658081055, -0.41517210217017086, 1759350493278622025
0.7788013815879822, -0.21507364511489868, -0.40444977110740293, 1759350493308668682
0.1414145827293396, -0.20830976963043213, -0.4482510714851487, 1759350493338637399
0.24709314107894897, -0.17206460237503052, -0.4451166552119596, 1759350493368752001
-0.31125956773757935, -0.4434291124343872, -0.42854728111138146, 1759350493398183950
-1.450714111328125, 0.5686414837837219, -0.36393320588644407, 1759350493431359800
0.47946488857269287, -0.6715060472488403, -0.4199969344482495, 1759350493458748057
-0.6182574033737183, -0.26687508821487427, -0.41589819035866676, 1759350493488788359
-0.4554375410079956, -0.06744831800460815, -0.3967565601603137, 1759350493518889282
-0.2732396125793457, -0.6188690662384033, -0.422934227676588, 1759350493548892673
-0.8328037858009338, 0.06457376480102539, -0.441815823036993, 1759350493578902743
0.3671993613243103, -0.5583289861679077, -0.47343591176647987, 1759350493608952374
-0.5392979383468628, -0.24884837865829468, -0.44098704768051694, 1759350493639515454
0.24572467803955078, 0.024457454681396484, -0.37673171913899256, 1759350493671437693
0.04664891958236694, -0.3423919081687927, -0.4846575248416987, 1759350493699343266
-0.7855456471443176, -0.27206283807754517, -0.4619523637185347, 1759350493729034587
0.5213006734848022, -0.18798154592514038, -0.43085709957266743, 1759350493759061644
-0.7645905017852783, -0.031346142292022705, -0.45285806254544714, 1759350493789109345
0.7483099102973938, -0.41768980026245117, -0.46510195256517495, 1759350493818162873
0.2694266438484192, -0.04424238204956055, -0.4195104249419834, 1759350493849237096
-0.09202712774276733, -0.3808937668800354, -0.40312170468736097, 1759350493879341562
0.30680209398269653, -0.36388689279556274, -0.4060675807248714, 1759350493910151466
0.11803919076919556, -0.3639450669288635, -0.43043941947022435, 1759350493940652289
0.2681366801261902, 0.1330081820487976, -0.45091604952776243, 1759350493968524123
0.5493429899215698, -0.6288954615592957, -0.406739438858776, 1759350493999556471
0.8882660865783691, 0.27023667097091675, -0.4175037199019449, 1759350494029630659
-0.1745542287826538, -0.07199347019195557, -0.42245611064552785, 1759350494059708235
-0.8581134080886841, -0.7432195544242859, -0.3909757445501086, 1759350494089793383
0.3152831792831421, -0.18677592277526855, -0.39441923421673586, 1759350494119822729
-0.23961782455444336, -0.23393017053604126, -0.39258687787506874, 1759350494151788954
0.7870904803276062, -0.07571005821228027, -0.38322055433992513, 1759350494183282193
0.819345235824585, 0.05138850212097168, -0.4708475537368426, 1759350494210032907
-0.30052924156188965, -0.23781079053878784, -0.4442399682074557, 1759350494240095731
1.2300654649734497, 0.06133091449737549, -0.4952683240274761, 1759350494269147898
0.2429860234260559, -0.5030565857887268, -0.49014466883469404, 1759350494300230490
0.006148576736450195, -0.26875627040863037, -0.3715446711315247, 1759350494330275134
-0.7906152606010437, -0.24226844310760498, -0.33554340489935625, 1759350494360642717
0.05341053009033203, -0.3076978325843811, -0.40584024707256144, 1759350494391644376
-0.7051011919975281, -0.2534991502761841, -0.3904638552327593, 1759350494423267455
-0.6522237658500671, -0.040565669536590576, -0.44373814016435464, 1759350494450607768
0.049624502658843994, 0.0003558993339538574, -0.4782961893930707, 1759350494480713455
