x, y, stamp, 
4.03184696539249, 0.03513645691574081, 1.7593505133179866e+18
4.031387678647108, 0.07027024549199704, 1.7593505133179866e+18
4.014627436302848, 0.10498044171868459, 1.7593505133179866e+18
4.025552949171917, 0.14037973505766013, 1.7593505133179866e+18
4.060142852246126, 0.1770228051803648, 1.7593505133179866e+18
3.8986646161911165, 0.20403566597209172, 1.7593505133179866e+18
3.896738531444346, 0.23800243714353, 1.7593505133179866e+18
3.9104776852847483, 0.273065689962279, 1.7593505133179866e+18
3.9318757480186357, 0.3090131830171543, 1.7593505133179866e+18
4.407211896810393, 0.3850420840327285, 1.7593505133179866e+18
4.411652783845891, 0.4241994047035379, 1.7593505133179866e+18
4.415744820171424, 0.463463257709731, 1.7593505133179866e+18
4.475128215774248, 0.5091612084183963, 1.7593505133179866e+18
4.8675476158351545, 0.596820156693329, 1.7593505133179866e+18
4.7987082140705315, 0.6308731673346166, 1.7593505133179866e+18
4.80095058004684, 0.6737789020018876, 1.7593505133179866e+18
3.956185359346949, 0.5904213770595134, 1.7593505133179866e+18
3.9587916494705, 0.6261244688239621, 1.7593505133179866e+18
3.96107551893632, 0.6619177280768304, 1.7593505133179866e+18
3.982733043350737, 0.7012665033208043, 1.7593505133179866e+18
3.952871301765285, 0.7315793315352702, 1.7593505133179866e+18
3.9424190369092758, 0.765236226843949, 1.7593505133179866e+18
3.9356007652108747, 0.7995629820912181, 1.7593505133179866e+18
3.9245710664838978, 0.8329985699377459, 1.7593505133179866e+18
3.905446542836558, 0.8645734792636068, 1.7593505133179866e+18
4.770863059738865, 1.0998548853074892, 1.7593505133179866e+18
4.761097330645742, 1.1413883263962434, 1.7593505133179866e+18
4.750970033394856, 1.1828350879559295, 1.7593505133179866e+18
4.755973970641573, 1.2281927177492957, 1.7593505133179866e+18
4.737361898690008, 1.2675237010400064, 1.7593505133179866e+18
4.741556264680705, 1.3130289180363028, 1.7593505133179866e+18
4.737624815242256, 1.3565009571751827, 1.7593505133179866e+18
4.725623831996202, 1.3977350018104076, 1.7593505133179866e+18
3.87260903636658, 1.2192205652882426, 1.7593505133179866e+18
3.8618372148123807, 1.2529217300613915, 1.7593505133179866e+18
3.812833510983699, 1.2738526069247145, 1.7593505133179866e+18
3.801587873768301, 1.3070307894869886, 1.7593505133179866e+18
3.767426416784909, 1.3321090817521444, 1.7593505133179866e+18
3.7443964520324244, 1.360790561271343, 1.7593505133179866e+18
3.721153566690484, 1.3891721307440892, 1.7593505133179866e+18
3.7238467083793254, 1.4272732825636132, 1.7593505133179866e+18
3.8489977947343332, 1.5138405695093762, 1.7593505133179866e+18
4.01371703668808, 1.6191541445335635, 1.7593505133179866e+18
3.999454676366958, 1.6540697947930814, 1.7593505133179866e+18
4.647808852627416, 1.9698160940682883, 1.7593505133179866e+18
4.630466607039671, 2.010244158330709, 1.7593505133179866e+18
3.8408291792096163, 1.8702977876912417, 1.7593505133179866e+18
3.824384817742958, 1.9036972879972094, 1.7593505133179866e+18
4.599861038192718, 2.3906347666508445, 1.7593505133179866e+18
4.578853431460016, 2.430629015586287, 1.7593505133179866e+18
4.332436425943798, 2.3484416858784747, 1.7593505133179866e+18
4.311806660952967, 2.38610709218552, 1.7593505133179866e+18
4.367471603797034, 2.4668696202876808, 1.7593505133179866e+18
4.463637558625877, 2.5727501305486493, 1.7593505133179866e+18
0.10947459859109017, 0.06437634109524337, 1.7593505133179866e+18
0.10890944060491085, 0.06532790197623706, 1.7593505133179866e+18
0.10748297063282722, 0.06575265420220998, 1.7593505133179866e+18
0.10605743334332285, 0.06615754554566419, 1.7593505133179866e+18
4.495846718273748, 2.8591864257995883, 1.7593505133179866e+18
0.10404921419996073, 0.06745191266216496, 1.7593505133179866e+18
3.671071317323745, 2.4255383366082484, 1.7593505133179866e+18
3.6497948141222176, 2.4574374160983177, 1.7593505133179866e+18
3.615047310321651, 2.4800982653036168, 1.7593505133179866e+18
3.5408408623776078, 2.4748429183427634, 1.7593505133179866e+18
3.46048729754817, 2.46384514429685, 1.7593505133179866e+18
3.438884969649806, 2.4939076560859377, 1.7593505133179866e+18
3.43632644222191, 2.538039239451841, 1.7593505133179866e+18
4.584071884772303, 3.4478952500671216, 1.7593505133179866e+18
4.572905392949242, 3.5023047988224185, 1.7593505133179866e+18
4.580062921457018, 3.571538695668808, 1.7593505133179866e+18
4.561296070668136, 3.621263975225506, 1.7593505133179866e+18
3.198072566363901, 2.5847390131605943, 1.7593505133179866e+18
3.1754266852427975, 2.612510147833254, 1.7593505133179866e+18
3.128006222947404, 2.6195374489866956, 1.7593505133179866e+18
4.512525336616513, 4.4248748294379885, 1.7593505133179866e+18
4.473793866757698, 4.464030757909384, 1.7593505133179866e+18
4.4515631488337535, 4.519946879058835, 1.7593505133179866e+18
4.412005498011658, 4.558567948718466, 1.7593505133179866e+18
3.5726723297326677, 3.7563105013517823, 1.7593505133179866e+18
4.47996088901303, 5.051678184068545, 1.7593505133179866e+18
4.435768441200044, 5.090526532543978, 1.7593505133179866e+18
4.411974000537774, 5.434563958458738, 1.7593505133179866e+18
4.364447514891563, 5.472805303476167, 1.7593505133179866e+18
4.351122443705211, 5.554716263113564, 1.7593505133179866e+18
4.302551213548151, 5.592422761076711, 1.7593505133179866e+18
4.263298585925456, 5.642470163406409, 1.7593505133179866e+18
4.2378005943646, 5.711531314772097, 1.7593505133179866e+18
4.2114209041384685, 5.780574128824484, 1.7593505133179866e+18
2.068807803166767, 2.8922604019799296, 1.7593505133179866e+18
2.0412262887849146, 2.9069054960849137, 1.7593505133179866e+18
4.122436167196511, 5.98090420928737, 1.7593505133179866e+18
4.038781902518403, 5.970218369836927, 1.7593505133179866e+18
3.986601681173377, 6.005187230662678, 1.7593505133179866e+18
3.9472177139772144, 6.059809774049325, 1.7593505133179866e+18
3.9201072753649386, 6.134424341732522, 1.7593505133179866e+18
3.700793294048423, 5.903994587648151, 1.7593505133179866e+18
3.6492030069553736, 5.93602059550675, 1.7593505133179866e+18
3.572554936651024, 5.926487347537208, 1.7593505133179866e+18
3.4719303088926057, 5.874748872610665, 1.7593505133179866e+18
1.9945529086012095, 3.5133115982734746, 1.7593505133179866e+18
1.9638607745283132, 3.5305595236508216, 1.7593505133179866e+18
1.9368472127099754, 3.554564070588323, 1.7593505133179866e+18
1.9283963307584169, 3.61365537721398, 1.7593505133179866e+18
1.9060941400670648, 3.6480491462864193, 1.7593505133179866e+18
1.8578384014030076, 3.632469662875897, 1.7593505133179866e+18
1.8243228904205515, 3.6449449560923037, 1.7593505133179866e+18
3.0396691226713974, 6.207749842188694, 1.7593505133179866e+18
2.9716353073825683, 6.205141833562256, 1.7593505133179866e+18
2.917448389989203, 6.230802232975819, 1.7593505133179866e+18
2.8497234236892592, 6.226891767782381, 1.7593505133179866e+18
2.7822891807997205, 6.222276328354199, 1.7593505133179866e+18
2.7183545756274596, 6.224291920681469, 1.7593505133179866e+18
2.642045739239214, 6.19623201099132, 1.7593505133179866e+18
2.5818017292471183, 6.204248303463717, 1.7593505133179866e+18
2.512591953998721, 6.189449036812963, 1.7593505133179866e+18
2.4526705313395154, 6.196233026789689, 1.7593505133179866e+18
2.3841837236824412, 6.180052178738689, 1.7593505133179866e+18
2.3246090649035507, 6.185616709252703, 1.7593505133179866e+18
2.2623701789636397, 6.183101052874853, 1.7593505133179866e+18
2.1601018341320857, 6.066923503982782, 1.7593505133179866e+18
2.099297432619217, 6.0628380210791315, 1.7593505133179866e+18
2.0438321631813157, 6.073319849223097, 1.7593505133179866e+18
1.9734312924655601, 6.037671400346034, 1.7593505133179866e+18
1.920741682130053, 6.054639410829264, 1.7593505133179866e+18
1.1982353125853398, 4.598449168794626, 1.7593505133179866e+18
1.1581170939164245, 4.608716461130262, 1.7593505133179866e+18
1.445379838859693, 5.9715671123807965, 1.7593505133179866e+18
1.3932863383501741, 5.983935981911635, 1.7593505133179866e+18
0.9836358827792326, 4.788006324346968, 1.7593505133179866e+18
0.9418739360184806, 4.796396313955562, 1.7593505133179866e+18
0.91329801797716, 4.875190981774659, 1.7593505133179866e+18
0.8707789801396741, 4.882964708674933, 1.7593505133179866e+18
0.8335370101198301, 4.921918435029253, 1.7593505133179866e+18
0.7906137992280707, 4.928995318398109, 1.7593505133179866e+18
0.7679986388955978, 5.070163691698036, 1.7593505133179866e+18
0.7237860482664331, 5.076663818522298, 1.7593505133179866e+18
0.6133984615037666, 4.913862810998391, 1.7593505133179866e+18
0.5705538094349075, 4.91902162512298, 1.7593505133179866e+18
0.5268133396155917, 4.915852052726954, 1.7593505133179866e+18
0.48395464023269413, 4.920256254027221, 1.7593505133179866e+18
0.4560466568634017, 5.091617162528946, 1.7593505133179866e+18
0.41165895729003676, 5.0953980007334545, 1.7593505133179866e+18
0.25872164741341086, 4.74495160475575, 1.7593505133179866e+18
0.21736242244082574, 4.747026037386474, 1.7593505133179866e+18
0.17569042040552932, 4.740745561411771, 1.7593505133179866e+18
0.10261224318813776, 5.230993539499659, 1.7593505133179866e+18
0.05702338256078945, 5.2316891169660105, 1.7593505133179866e+18
-0.03405939237175841, 5.215888878559879, 1.7593505133179866e+18
-0.07951143538682842, 5.215394018416642, 1.7593505133179866e+18
-0.1280238751217877, 5.342466136497768, 1.7593505133179866e+18
-0.17457539491945342, 5.341147626092663, 1.7593505133179866e+18
-0.23369197510869202, 5.64316306597098, 1.7593505133179866e+18
-0.282859875563275, 5.640912303800293, 1.7593505133179866e+18
-0.4375322960600886, 5.727311848314942, 1.7593505133179866e+18
-0.4874257625304855, 5.723281545054892, 1.7593505133179866e+18
-0.6146938423347815, 5.50981752236795, 1.7593505133179866e+18
-0.6626852494732571, 5.504251621222249, 1.7593505133179866e+18
-0.7085754265394619, 5.482399430477048, 1.7593505133179866e+18
-0.7563243367016704, 5.4760164488525245, 1.7593505133179866e+18
-0.7264772610224209, 3.786946841104603, 1.7593505133179866e+18
-0.7594506412585084, 3.780472233944697, 1.7593505133179866e+18
-0.7594881063835874, 3.6171251774601583, 1.7593505133179866e+18
-0.7909803394434689, 3.6103693489403823, 1.7593505133179866e+18
-1.2870221125564716, 5.6389918562712875, 1.7593505133179866e+18
-1.3361136673271714, 5.627562113498595, 1.7593505133179866e+18
-1.3851037546999778, 5.615705001335028, 1.7593505133179866e+18
-1.4359720155495626, 5.611171557657528, 1.7593505133179866e+18
-1.4868664233577962, 5.6061778826233875, 1.7593505133179866e+18
-1.542824923934411, 5.433193589635471, 1.7593505133179866e+18
-1.5901133574045987, 5.4195424935111145, 1.7593505133179866e+18
-1.6627911659491825, 5.489701470812112, 1.7593505133179866e+18
-1.7368104383173244, 5.558998482092848, 1.7593505133179866e+18
-1.7974487138740474, 5.581726640270285, 1.7593505133179866e+18
-1.84602185525267, 5.56585101090929, 1.7593505133179866e+18
-1.8944548056889439, 5.549552698633696, 1.7593505133179866e+18
-1.953345512595481, 5.56302581594165, 1.7593505133179866e+18
-2.001749767959062, 5.5457923497806885, 1.7593505133179866e+18
-2.055565199385186, 5.543139708776125, 1.7593505133179866e+18
-2.1123325964043196, 5.547444949016879, 1.7593505133179866e+18
-2.1664188419731163, 5.543729347769394, 1.7593505133179866e+18
-2.214646849588126, 5.5246398083300585, 1.7593505133179866e+18
-2.2839954856152374, 5.556926073296221, 1.7593505133179866e+18
-2.3509679880230334, 5.581047243816468, 1.7593505133179866e+18
-2.4058536447860224, 5.575038346428624, 1.7593505133179866e+18
-2.4608126299169553, 5.568495579364035, 1.7593505133179866e+18
-2.5158399936769413, 5.561417646957599, 1.7593505133179866e+18
-2.5642088762831428, 5.539282440575361, 1.7593505133179866e+18
-2.238467062090068, 4.622527752053553, 1.7593505133179866e+18
-2.278664615786127, 4.60284533471761, 1.7593505133179866e+18
-2.2717374338966505, 4.490014886844095, 1.7593505133179866e+18
-2.2777153326384565, 4.4060882017819, 1.7593505133179866e+18
-2.330967384045075, 4.414369273501978, 1.7593505133179866e+18
-2.8553672823211005, 5.295198882434411, 1.7593505133179866e+18
-2.9091199653181037, 5.284131509504304, 1.7593505133179866e+18
-2.958976656589447, 5.265553787109511, 1.7593505133179866e+18
-3.008730187807801, 5.2465078814101345, 1.7593505133179866e+18
-3.179580122484279, 5.434140805383821, 1.7593505133179866e+18
-3.239115184081544, 5.426834712247298, 1.7593505133179866e+18
-3.2904435929931304, 5.405235039325211, 1.7593505133179866e+18
-3.345860404829535, 5.389949202818364, 1.7593505133179866e+18
-3.422651853950927, 5.4079067583816025, 1.7593505133179866e+18
-3.4696485487998623, 5.377875060701405, 1.7593505133179866e+18
-3.5383591155963265, 5.380856391512033, 1.7593505133179866e+18
-3.598476462134516, 5.369754748694942, 1.7593505133179866e+18
-3.6496452551275738, 5.344798882259549, 1.7593505133179866e+18
-3.728064187539927, 5.358761034029441, 1.7593505133179866e+18
-3.7884983905392833, 5.345650993539961, 1.7593505133179866e+18
-3.7787489811323054, 5.234595516048218, 1.7593505133179866e+18
-3.795789058018284, 5.16279472081259, 1.7593505133179866e+18
-3.807072119835348, 5.084693587524337, 1.7593505133179866e+18
-3.778481014303516, 4.955895847928719, 1.7593505133179866e+18
-3.7969968144011093, 4.891183712035358, 1.7593505133179866e+18
-3.8642791598050605, 4.889291258052189, 1.7593505133179866e+18
-3.8967096518272566, 4.84296509230316, 1.7593505133179866e+18
-3.9286266558494036, 4.796445583329103, 1.7593505133179866e+18
-3.990767408994295, 4.786606096001447, 1.7593505133179866e+18
-4.047857242667901, 4.7699463590281, 1.7593505133179866e+18
-3.4404092696931508, 3.845670615419687, 1.7593505133179866e+18
-3.4737913413532953, 3.8155434923522837, 1.7593505133179866e+18
-3.4471019650578443, 3.720574191353853, 1.7593505133179866e+18
-3.4793936424491845, 3.6903934955175473, 1.7593505133179866e+18
-3.478190070569938, 3.625296059567019, 1.7593505133179866e+18
-3.50965027586537, 3.5948480673933356, 1.7593505133179866e+18
-3.557758591932534, 3.5811529395632435, 1.7593505133179866e+18
-3.611581259785821, 3.572517323795279, 1.7593505133179866e+18
-3.550795165409566, 3.4516893097717034, 1.7593505133179866e+18
-3.499753709907197, 3.343250730507901, 1.7593505133179866e+18
-1.9352286671407204, 1.754261652688337, 1.7593505133179866e+18
-1.9504425201995474, 1.737330686891158, 1.7593505133179866e+18
-1.9414284699108768, 1.6991924854302878, 1.7593505133179866e+18
-1.9379653882276449, 1.666561167428479, 1.7593505133179866e+18
-1.9432485491884386, 1.6418649822568583, 1.7593505133179866e+18
-1.9544048649451335, 1.622313604113636, 1.7593505133179866e+18
-1.9219689381333744, 1.5673019796628098, 1.7593505133179866e+18
-1.9879562191228959, 1.4285425603493616, 1.7593505133179866e+18
-2.0003296239599977, 1.411164473541962, 1.7593505133179866e+18
-2.015839559329677, 1.3959564441650822, 1.7593505133179866e+18
-2.044468932777683, 1.3895791476850343, 1.7593505133179866e+18
-2.049845392510196, 1.3672709318232519, 1.7593505133179866e+18
-2.0315605059947415, 1.329641222590967, 1.7593505133179866e+18
-0.10602424878029734, 0.0680798000971376, 1.7593505133179866e+18
-2.1796536697769278, 1.372911414506191, 1.7593505133179866e+18
-0.10719464967386434, 0.06622165500793602, 1.7593505133179866e+18
-2.2374618303562444, 1.3554409719289522, 1.7593505133179866e+18
-0.10661292202844447, 0.06332206845934885, 1.7593505133179866e+18
-3.259759097893837, 1.8978817626161146, 1.7593505133179866e+18
-3.27617422000936, 1.8694028568819916, 1.7593505133179866e+18
-3.2993231469242943, 1.8446860317886722, 1.7593505133179866e+18
-3.3152731979315346, 1.8158643690494847, 1.7593505133179866e+18
-3.3556454453594116, 1.80014119258783, 1.7593505133179866e+18
-3.399534477200009, 1.785711253016227, 1.7593505133179866e+18
-4.097960067179887, 2.107222214118401, 1.7593505133179866e+18
-4.116167638086366, 2.0714309418963373, 1.7593505133179866e+18
-3.3948119117915256, 1.6714985723284852, 1.7593505133179866e+18
-3.409249112380203, 1.6418513585195824, 1.7593505133179866e+18
-3.40533319880198, 1.6035589623286146, 1.7593505133179866e+18
-3.4191779470234582, 1.5738226415691814, 1.7593505133179866e+18
-1.248015087471378, 0.45973737676920085, 1.7593505133179866e+18
-1.2519740338607621, 0.44884421873655556, 1.7593505133179866e+18
-1.2369530281672767, 0.4313317240711671, 1.7593505133179866e+18
-1.23119414093024, 0.4173258479430541, 1.7593505133179866e+18
-1.2309848480248142, 0.4053298827140931, 1.7593505133179866e+18
-1.2344703124648833, 0.3945871988934113, 1.7593505133179866e+18
-1.2817984929293074, 0.39743759761936415, 1.7593505133179866e+18
-1.28521325139912, 0.38625240310630726, 1.7593505133179866e+18
-1.288530407960093, 0.3750378757398924, 1.7593505133179866e+18
-1.291749710700093, 0.36379486717588666, 1.7593505133179866e+18
-1.4623065162608426, 0.38445226725351384, 1.7593505133179866e+18
-1.4656012612947489, 0.371694546888343, 1.7593505133179866e+18
-1.4571277178935815, 0.35606012658853436, 1.7593505133179866e+18
-1.4601752391328526, 0.3433486144188098, 1.7593505133179866e+18
-1.4650626621794236, 0.3310518366315533, 1.7593505133179866e+18
-1.4561644852553812, 0.31572934659360674, 1.7593505133179866e+18
-1.4569024076616441, 0.302621016389629, 1.7593505133179866e+18
-1.4535991895873206, 0.288744482621314, 1.7593505133179866e+18
-1.4501652074954388, 0.27494859045308334, 1.7593505133179866e+18
-1.4662833711801424, 0.26478879096383867, 1.7593505133179866e+18
-1.4823334267316002, 0.25436874235433754, 1.7593505133179866e+18
-1.4963382603544664, 0.24336784691439517, 1.7593505133179866e+18
-3.4435575654171395, 0.5293081028299983, 1.7593505133179866e+18
-3.448039411713004, 0.4992794701737182, 1.7593505133179866e+18
-3.448295898891469, 0.4686742220772764, 1.7593505133179866e+18
-2.4245106216044383, 0.30803291008692757, 1.7593505133179866e+18
-2.4271028819331217, 0.2868930610546288, 1.7593505133179866e+18
-2.3937242344346834, 0.2618172124535082, 1.7593505133179866e+18
-2.395914921731741, 0.24094740314023194, 1.7593505133179866e+18
-2.3819905781015485, 0.2185971047740104, 1.7593505133179866e+18
-2.383805073679717, 0.1978311883373484, 1.7593505133179866e+18
-2.385438537880222, 0.17705024816700743, 1.7593505133179866e+18
-2.398865299394737, 0.1570397601948108, 1.7593505133179866e+18
-2.408129779778508, 0.1365821310105102, 1.7593505133179866e+18
-2.417219514953838, 0.11597493603806563, 1.7593505133179866e+18
-2.597999737707503, 0.1019650281278439, 1.7593505133179866e+18
-2.574800894836717, 0.07858895724883837, 1.7593505133179866e+18
-2.551393754701718, 0.055625013363138964, 1.7593505133179866e+18
-2.539782557234525, 0.03323203545732647, 1.7593505133179866e+18
-2.5439756264427955, 0.011115572377145524, 1.7593505133179866e+18
-2.5639756865566334, -0.011140971056225916, 1.7593505133179866e+18
-2.5717806959258684, -0.033588531118145894, 1.7593505133179866e+18
-3.867083128091049, -0.08421589230978589, 1.7593505133179866e+18
-3.8622043102827317, -0.11779006517137389, 1.7593505133179866e+18
-3.857034075154221, -0.15128560155878176, 1.7593505133179866e+18
-3.855569256267791, -0.18489159056705345, 1.7593505133179866e+18
-3.8498181011273163, -0.2182571335998751, 1.7593505133179866e+18
-3.8477699395944063, -0.2517976967496466, 1.7593505133179866e+18
-3.8494185535075762, -0.28561510823382413, 1.7593505133179866e+18
-2.599070361041606, -0.21563271384091065, 1.7593505133179866e+18
-2.5970925620105643, -0.23827386191679445, 1.7593505133179866e+18
-2.5789977625922345, -0.259296317164417, 1.7593505133179866e+18
-2.576640223683116, -0.28176088665569565, 1.7593505133179866e+18
-2.5661423983901934, -0.30326516928349423, 1.7593505133179866e+18
-2.5673702490773893, -0.3261200855480074, 1.7593505133179866e+18
-2.5802851408562075, -0.3506352359408705, 1.7593505133179866e+18
-2.5533790591329657, -0.36966875267528393, 1.7593505133179866e+18
-3.8033464534985377, -0.584517011140762, 1.7593505133179866e+18
-3.806004495206582, -0.6189227501086539, 1.7593505133179866e+18
-3.7610425486711456, -0.6453021235283328, 1.7593505133179866e+18
-3.679000878313819, -0.967144137545445, 1.7593505133179866e+18
-3.6704331028171255, -0.9991676952176852, 1.7593505133179866e+18
-3.715490065363293, -1.046294778887124, 1.7593505133179866e+18
-3.706231154070649, -1.0786333124542027, 1.7593505133179866e+18
-3.719675550745417, -1.117797068400236, 1.7593505133179866e+18
-2.388947015512563, -0.7635415119307833, 1.7593505133179866e+18
-2.3822024992695825, -0.7843307566592591, 1.7593505133179866e+18
-2.413160471492499, -0.817900381793767, 1.7593505133179866e+18
-2.363132752625084, -1.112720779749646, 1.7593505133179866e+18
-2.3533463291517753, -1.133271809974963, 1.7593505133179866e+18
-2.3182608246643146, -1.141369055364238, 1.7593505133179866e+18
-2.308226452525842, -1.161527965903657, 1.7593505133179866e+18
-2.294459321004797, -1.1797694819656304, 1.7593505133179866e+18
-2.2840912160002813, -1.199719518601579, 1.7593505133179866e+18
-1.7501045001336204, -0.9387917807183854, 1.7593505133179866e+18
-1.7418570406915281, -0.9540072424912186, 1.7593505133179866e+18
-1.726494601783, -0.9652463764929318, 1.7593505133179866e+18
-1.7197546064179043, -0.9812462327241851, 1.7593505133179866e+18
-1.543481342718243, -0.8985885556649581, 1.7593505133179866e+18
-1.5373116417628114, -0.91302621636299, 1.7593505133179866e+18
-1.5378498996653072, -0.9315694323145806, 1.7593505133179866e+18
-1.5296734381877661, -0.9449354970717966, 1.7593505133179866e+18
-1.5044577912985204, -0.9475709704435757, 1.7593505133179866e+18
-1.5028749703404285, -0.9649678083830577, 1.7593505133179866e+18
-1.5178373688148352, -0.9933608407263158, 1.7593505133179866e+18
-2.6703294628798897, -2.59567262750995, 1.7593505133179866e+18
-2.6476083408654656, -2.6188443831026738, 1.7593505133179866e+18
-2.619047802702379, -2.636142105905385, 1.7593505133179866e+18
-2.5959759607308732, -2.658865435984841, 1.7593505133179866e+18
-2.5477830017211294, -2.6554099998821057, 1.7593505133179866e+18
-2.881438550242173, -3.1647612354074677, 1.7593505133179866e+18
-2.8537501470478825, -3.1897510708805643, 1.7593505133179866e+18
-2.8047171687746824, -3.1904649872311612, 1.7593505133179866e+18
-2.776807686028725, -3.21478526598266, 1.7593505133179866e+18
-2.7383342802428894, -3.226662099469969, 1.7593505133179866e+18
-1.6521948622207097, -1.9815780942407337, 1.7593505133179866e+18
-1.627259944313855, -1.9866175966384476, 1.7593505133179866e+18
-1.609885977280099, -2.0007227548560427, 1.7593505133179866e+18
-1.5923897519796892, -2.014675973806189, 1.7593505133179866e+18
-2.1242258914568555, -2.7362310336602698, 1.7593505133179866e+18
-2.078473010761166, -2.726010594341567, 1.7593505133179866e+18
-2.0546385451499645, -2.744019727645756, 1.7593505133179866e+18
-2.080407282024369, -2.8294964446659985, 1.7593505133179866e+18
-2.0556709259869006, -2.8475185045104987, 1.7593505133179866e+18
-1.9106460474436087, -2.8509744201964424, 1.7593505133179866e+18
-1.885728969779839, -2.867516297383398, 1.7593505133179866e+18
-1.8541629347748025, -2.8737571806187594, 1.7593505133179866e+18
-1.8440240721283534, -2.913465102886482, 1.7593505133179866e+18
-1.827003789149997, -2.9430176795141367, 1.7593505133179866e+18
-1.8012877857969336, -2.958827169714379, 1.7593505133179866e+18
-2.3163424382323, -4.038922503298703, 1.7593505133179866e+18
-2.281057702367885, -4.058954672976376, 1.7593505133179866e+18
-2.2533164759949456, -4.092694493534567, 1.7593505133179866e+18
-2.217565542722955, -4.112175388055122, 1.7593505133179866e+18
-2.1592320949316206, -4.088898804140951, 1.7593505133179866e+18
-2.149235042511677, -4.157305272083032, 1.7593505133179866e+18
-2.14543156920313, -4.240120989332859, 1.7593505133179866e+18
-2.0942019901485134, -4.22997825572038, 1.7593505133179866e+18
-2.8104275067513376, -5.803292224157201, 1.7593505133179866e+18
-2.7939886129045317, -5.899865255852021, 1.7593505133179866e+18
-1.8639277848538132, -4.31895695474744, 1.7593505133179866e+18
-1.8262198957544835, -4.335035969454211, 1.7593505133179866e+18
-1.7914147315856317, -4.358184972309711, 1.7593505133179866e+18
-1.753367747293378, -4.37363058981432, 1.7593505133179866e+18
-0.6812896754395109, -2.0539572845435745, 1.7593505133179866e+18
-0.6633648030306991, -2.0598163235323024, 1.7593505133179866e+18
-0.8588440579983513, -5.841198557385269, 1.7593505133179866e+18
-0.8079089124864571, -5.848461070391404, 1.7593505133179866e+18
-0.7558867991978808, -5.847345557362635, 1.7593505133179866e+18
-0.7049019956760184, -5.853710626337975, 1.7593505133179866e+18
-0.18165165942251063, -2.377069408902255, 1.7593505133179866e+18
-0.1609300308763024, -2.3785621339944054, 1.7593505133179866e+18
-0.09886371479774159, -2.3859526442394814, 1.7593505133179866e+18
-0.07806781774422075, -2.3867235848521795, 1.7593505133179866e+18
-0.0566904561362421, -2.363320244900102, 1.7593505133179866e+18
0.14241477994918397, -3.8453637554989335, 1.7593505133179866e+18
0.1759194059715398, -3.843976683625365, 1.7593505133179866e+18
0.21093444390685995, -3.870256076607151, 1.7593505133179866e+18
0.24465338977814496, -3.8682709518609135, 1.7593505133179866e+18
0.27950279359835417, -3.8819507823500135, 1.7593505133179866e+18
0.31364305950839494, -3.8833546474463696, 1.7593505133179866e+18
0.3499694958687898, -3.9083625147312886, 1.7593505133179866e+18
0.38675539505351586, -3.933029811168121, 1.7593505133179866e+18
0.4570851214484396, -3.941585553695623, 1.7593505133179866e+18
0.4914163142253983, -3.937452665298301, 1.7593505133179866e+18
0.5177609484314667, -3.873549733854982, 1.7593505133179866e+18
0.5514969460074964, -3.8688906754925316, 1.7593505133179866e+18
0.5798003538995, -3.828343687176274, 1.7593505133179866e+18
0.6061725658121513, -3.7797009598845936, 1.7593505133179866e+18
0.6350805253288395, -3.7506116796824513, 1.7593505133179866e+18
0.6551021478075802, -3.674053077445734, 1.7593505133179866e+18
0.6944587859375186, -3.707520944756304, 1.7593505133179866e+18
0.9155551871143601, -4.662967008425265, 1.7593505133179866e+18
1.948741518444065, -4.069465720658738, 1.7593505133179866e+18
1.9841304701801827, -4.052329087651544, 1.7593505133179866e+18
2.3388277239535498, -4.3830250094333385, 1.7593505133179866e+18
2.376934344409392, -4.362477103437788, 1.7593505133179866e+18
2.6946655044496386, -4.651897789056882, 1.7593505133179866e+18
2.73510167800937, -4.628238761305801, 1.7593505133179866e+18
2.7835901930275884, -4.617931547396608, 1.7593505133179866e+18
2.8237269946406833, -4.593498884172901, 1.7593505133179866e+18
2.8763954054225027, -4.589052655326707, 1.7593505133179866e+18
2.929200052585448, -4.58403617726693, 1.7593505133179866e+18
2.9821347269295275, -4.578446344555617, 1.7593505133179866e+18
3.0351931686067735, -4.572280121350857, 1.7593505133179866e+18
3.0794049286508782, -4.552282859266794, 1.7593505133179866e+18
3.073558765031111, -4.459404816743734, 1.7593505133179866e+18
2.9926733993537726, -3.7528532819516216, 1.7593505133179866e+18
3.025263624766821, -3.726631432234403, 1.7593505133179866e+18
3.0474318525612993, -3.6877926104263676, 1.7593505133179866e+18
3.079453034091777, -3.661096044129881, 1.7593505133179866e+18
3.111240355215056, -3.6341214461822555, 1.7593505133179866e+18
3.5264432742437, -4.047174589905666, 1.7593505133179866e+18
3.561578065111385, -4.016290080877396, 1.7593505133179866e+18
3.2266144482270827, -3.575306288350633, 1.7593505133179866e+18
3.2143574764806644, -3.499915518367169, 1.7593505133179866e+18
6.347444596742106, -6.79157966137894, 1.7593505133179866e+18
6.406388111627022, -6.736007613473324, 1.7593505133179866e+18
6.48709968925359, -6.702918983748188, 1.7593505133179866e+18
6.562105699592801, -6.663233240032783, 1.7593505133179866e+18
6.659562682927446, -6.645350910870359, 1.7593505133179866e+18
6.774339214376062, -6.643076893732108, 1.7593505133179866e+18
4.550808091117977, -4.385492889928678, 1.7593505133179866e+18
4.588852226352301, -4.345668810954347, 1.7593505133179866e+18
4.78196527539436, -4.373009072951361, 1.7593505133179866e+18
4.819891844376397, -4.331171072089658, 1.7593505133179866e+18
4.899430180616233, -4.326069458895592, 1.7593505133179866e+18
4.936943238806269, -4.283209604341991, 1.7593505133179866e+18
4.980169886324776, -4.24521446460452, 1.7593505133179866e+18
5.010841767991612, -4.1965173458563365, 1.7593505133179866e+18
5.065755006771566, -4.167940193985081, 1.7593505133179866e+18
5.101883747934195, -4.1236369228913095, 1.7593505133179866e+18
5.112563404299645, -4.059122792336545, 1.7593505133179866e+18
5.065731419102937, -3.9504605357963625, 1.7593505133179866e+18
5.06820928878149, -3.8818434235077723, 1.7593505133179866e+18
5.076271947143963, -3.81829413786811, 1.7593505133179866e+18
5.0578736007847525, -3.735888111513301, 1.7593505133179866e+18
5.044904474879823, -3.658792324019879, 1.7593505133179866e+18
4.164757752700362, -2.304863345250073, 1.7593505133179866e+18
4.184685110880614, -2.2684824667008634, 1.7593505133179866e+18
4.211360625067567, -2.235680407855735, 1.7593505133179866e+18
4.2164861621130765, -2.1915170697540587, 1.7593505133179866e+18
2.9733531398571538, -1.512635738251832, 1.7593505133179866e+18
2.9864219495909143, -1.4866673164957456, 1.7593505133179866e+18
3.002860157403485, -1.4623372735896891, 1.7593505133179866e+18
4.34808319869001, -2.0707555022978914, 1.7593505133179866e+18
4.365963486674063, -2.032785942015589, 1.7593505133179866e+18
4.550988608511516, -2.0708700309769346, 1.7593505133179866e+18
4.554242019226889, -2.0246327280899528, 1.7593505133179866e+18
4.5423595990633885, -1.972124405478746, 1.7593505133179866e+18
2.0108381293471105, -0.8522828663150541, 1.7593505133179866e+18
2.0181889084912465, -0.8347272586260145, 1.7593505133179866e+18
2.014257847375443, -0.8126186227300258, 1.7593505133179866e+18
4.55807347937601, -1.4789281259501057, 1.7593505133179866e+18
4.57078837396382, -1.439151098931032, 1.7593505133179866e+18
5.034585690911715, -1.5370888973279608, 1.7593505133179866e+18
5.047789327971002, -1.4931571443903473, 1.7593505133179866e+18
5.068300422012755, -1.451314267370143, 1.7593505133179866e+18
5.065335911374915, -1.4028216372856281, 1.7593505133179866e+18
5.0696403118302795, -1.3565591141375961, 1.7593505133179866e+18
5.050285997293462, -1.3043267156793756, 1.7593505133179866e+18
5.030408687381276, -1.252535267416497, 1.7593505133179866e+18
5.04113276920747, -1.2086507193667437, 1.7593505133179866e+18
5.043678632164989, -1.1628770698678557, 1.7593505133179866e+18
5.04581014210192, -1.1171509731127138, 1.7593505133179866e+18
4.9531434295822345, -0.4763869179314326, 1.7593505133179866e+18
4.9571067789346115, -0.4332051613616656, 1.7593505133179866e+18
4.952718385393427, -0.38936351991138246, 1.7593505133179866e+18
4.955923394281524, -0.3461887717199358, 1.7593505133179866e+18
4.942782028987465, -0.30201193984140173, 1.7593505133179866e+18
0.008714176458575834, -7.615238716311376e-05, 1.7593505133179866e+18
