x, y, th, stamp, 
-3.940727949142456, -1.507981538772583, -2.987895732502607, 1759350513161894717
-3.940727949142456, -1.507981538772583, -2.987895991971421, 1759350513224347388
-3.940727949142456, -1.507981538772583, -2.9878959750403293, 1759350513275127663
-3.940727949142456, -1.507981538772583, -2.987895989506911, 1759350513322813833
-3.940727949142456, -1.507981538772583, -2.987895981556091, 1759350513372775538
-3.940727949142456, -1.507981538772583, -2.987895973189534, 1759350513414753166
-3.940727949142456, -1.507981538772583, -2.987895947858696, 1759350513464891834
-3.940727949142456, -1.507981538772583, -2.9878959679304447, 1759350513514937908
-3.940727949142456, -1.507981538772583, -2.9878959650898236, 1759350513563711998
-3.940727949142456, -1.507981538772583, -2.98789619528899, 1759350513654732384
-3.940727949142456, -1.507981538772583, -2.987896201723264, 1759350513723916266
-3.940727949142456, -1.507981538772583, -2.987896206131637, 1759350513773842061
-3.940727949142456, -1.507981538772583, -2.9878962188534404, 1759350513815753626
-3.940727949142456, -1.507981538772583, -2.9878962085146488, 1759350513866169443
-3.940727949142456, -1.507981538772583, -2.987896215661659, 1759350513916775856
-3.940727949142456, -1.507981538772583, -2.9878962136964318, 1759350513964001746
-3.940727949142456, -1.507981538772583, -2.9878964334321285, 1759350514013778358
-3.940727949142456, -1.507981538772583, -2.987896437204612, 1759350514054669306
-3.940727949142456, -1.507981538772583, -2.9878964400121575, 1759350514174875245
-3.940727949142456, -1.507981538772583, -2.987896450903743, 1759350514214861276
-3.940727949142456, -1.507981538772583, -2.98789644445816, 1759350514266025197
-3.940727949142456, -1.507981538772583, -2.987896431463203, 1759350514314987826
-3.940717935562134, -1.5079902410507202, -2.987995408901195, 1759350514365269664
-3.9414384365081787, -1.5080132484436035, -2.9916138488916424, 1759350514415421151
-3.94384765625, -1.5081164836883545, -3.002884848552205, 1759350514454535852
-3.9510655403137207, -1.508840560913086, -3.028960704355034, 1759350514525506388
-3.9575493335723877, -1.508976936340332, -3.0541355476159002, 1759350514575050853
-3.963881492614746, -1.50927734375, -3.0809690915732717, 1759350514615822407
-3.9732439517974854, -1.5096327066421509, -3.1193661697605313, 1759350514666039830
-3.984830856323242, -1.5096367597579956, 3.1212730414222283, 1759350514714906832
-3.997323513031006, -1.5092339515686035, 3.0714385559432116, 1759350514765068345
-4.022542476654053, -1.506624698638916, 2.974935064169103, 1759350514854349291
-4.036953449249268, -1.5041159391403198, 2.9186182183836515, 1759350514906388137
-4.057017803192139, -1.4990650415420532, 2.843547111749854, 1759350514975923726
-4.068514823913574, -1.4952361583709717, 2.803616472812014, 1759350515015120165
-4.082027435302734, -1.4904046058654785, 2.750862166737918, 1759350515065098338
-4.095553874969482, -1.4845720529556274, 2.6999582949614105, 1759350515114773203
-4.108804702758789, -1.478200078010559, 2.6467758015508163, 1759350515164445410
-4.1239447593688965, -1.469712257385254, 2.583019043068751, 1759350515224940088
-4.13159704208374, -1.465026617050171, 2.552353161709735, 1759350515254916173
-4.1484198570251465, -1.453291654586792, 2.4782184667861458, 1759350515324285410
-4.159650802612305, -1.444562554359436, 2.4219490479707404, 1759350515375845906
-4.1682047843933105, -1.4369688034057617, 2.3778720734579286, 1759350515415896942
-4.178677082061768, -1.4262778759002686, 2.3265651759305315, 1759350515465085646
-4.18853235244751, -1.4156345129013062, 2.2740355623304715, 1759350515514146919
-4.197698593139648, -1.4045555591583252, 2.2195207558649024, 1759350515565048751
-4.206256866455078, -1.393189549446106, 2.1649770549765606, 1759350515615730434
-4.212803363800049, -1.3833343982696533, 2.1222554116905163, 1759350515655356258
-4.2230000495910645, -1.36563241481781, 2.0496372414320887, 1759350515724908928
-4.229555130004883, -1.3528960943222046, 1.9950611379880683, 1759350515776039123
-4.234415054321289, -1.3424690961837769, 1.9496202367650775, 1759350515815722232
-4.239579200744629, -1.3286532163619995, 1.8974729659677076, 1759350515864842277
-4.243808746337891, -1.3156307935714722, 1.8484117843000591, 1759350515910697599
-4.247483730316162, -1.3019039630889893, 1.7955253674987768, 1759350515959698993
-4.250597953796387, -1.287723183631897, 1.7386751449550004, 1759350516010726176
-4.253011226654053, -1.2737401723861694, 1.6810697452632657, 1759350516061353920
-4.254424095153809, -1.2598408460617065, 1.630091293460916, 1759350516108780854
-4.25515079498291, -1.2416921854019165, 1.5642360947269007, 1759350516171857706
-4.255061149597168, -1.2283092737197876, 1.5138055147068692, 1759350516218860520
-4.253939628601074, -1.2135848999023438, 1.4591344541525186, 1759350516268870175
-4.252462387084961, -1.2015732526779175, 1.412786008573762, 1759350516310858693
-4.249899864196777, -1.186958909034729, 1.3629610325437556, 1759350516360114955
-4.246679306030273, -1.172247052192688, 1.309186215352273, 1759350516410599653
-4.242806434631348, -1.1581988334655762, 1.2565274840957907, 1759350516460339048
-4.237131595611572, -1.1414083242416382, 1.193029719212946, 1759350516520012171
-4.231874942779541, -1.128170371055603, 1.1370190359025052, 1759350516570967343
-4.225849628448486, -1.1154299974441528, 1.0859656514854772, 1759350516619633185
-4.218306541442871, -1.1021000146865845, 1.033871444139122, 1759350516670004453
-4.212587833404541, -1.0923322439193726, 0.9888858009090634, 1759350516710844369
-4.20449161529541, -1.080371379852295, 0.9347583003433872, 1759350516760777147
-4.196008205413818, -1.0691008567810059, 0.8793338440850064, 1759350516816031499
-4.184554100036621, -1.05576753616333, 0.8151988390704953, 1759350516869204311
-4.174319744110107, -1.0451639890670776, 0.760866981357656, 1759350516919931902
-4.16358757019043, -1.0350106954574585, 0.7057201376271731, 1759350516970330526
-4.153376579284668, -1.0265191793441772, 0.65718204104013, 1759350517015924002
-4.141777515411377, -1.0177251100540161, 0.6019219611880952, 1759350517065946541
-4.129899024963379, -1.009690761566162, 0.5481209988915762, 1759350517115944663
-4.117249011993408, -1.002163052558899, 0.49420110344308976, 1759350517165586052
-4.105626583099365, -0.9960862398147583, 0.4459515257896271, 1759350517210436884
-4.093860149383545, -0.9904651045799255, 0.397358589736869, 1759350517256023416
-4.075344085693359, -0.983187735080719, 0.32180253800304404, 1759350517325282276
-4.062859535217285, -0.9791561961174011, 0.2731304738445243, 1759350517371961131
-4.050209999084473, -0.975669801235199, 0.2250520182552553, 1759350517415840734
-4.036054611206055, -0.9726209044456482, 0.17074644791078658, 1759350517464913370
-4.021459579467773, -0.9703027606010437, 0.11675608659646235, 1759350517514915947
-4.007225036621094, -0.9687243700027466, 0.0596091256792155, 1759350517565924135
-3.993682861328125, -0.9680374264717102, 0.01026186910288808, 1759350517611905272
-3.9747989177703857, -0.9682999849319458, -0.05665042262248573, 1759350517675635714
-3.9662866592407227, -0.9688653349876404, -0.08782520410612901, 1759350517706017379
-3.9466471672058105, -0.9710991382598877, -0.15864596857401198, 1759350517772776245
-3.935011386871338, -0.9727522730827332, -0.2067369682203176, 1759350517815863278
-3.920891046524048, -0.9756580591201782, -0.26026366329790646, 1759350517865272739
-3.90665864944458, -0.9798368215560913, -0.3128719690136527, 1759350517914949886
-3.8932487964630127, -0.984260082244873, -0.3641017148648406, 1759350517962851583
-3.879669427871704, -0.9897874593734741, -0.417292184867236, 1759350518012789902
-3.8632495403289795, -0.9972664713859558, -0.48861752111584084, 1759350518075158193
-3.8554000854492188, -1.001494288444519, -0.5218017070396609, 1759350518106032664
-3.8382339477539062, -1.0117985010147095, -0.5943415083578598, 1759350518173157665
-3.8280677795410156, -1.0189359188079834, -0.6380575932250789, 1759350518215787991
-3.8163554668426514, -1.0280182361602783, -0.6911074587168237, 1759350518265033379
-3.805656909942627, -1.0368571281433105, -0.7488131368972522, 1759350518315902349
-3.7956631183624268, -1.046345591545105, -0.8015946409370889, 1759350518363791430
-3.7855734825134277, -1.0569698810577393, -0.8540591492382763, 1759350518413971524
-3.7775280475616455, -1.0661113262176514, -0.8988349221409208, 1759350518456638679
-3.7655956745147705, -1.081679344177246, -0.9727081895646037, 1759350518523147649
-3.757528781890869, -1.0937814712524414, -1.0286658520193663, 1759350518573177353
-3.7510666847229004, -1.1046231985092163, -1.073739699156569, 1759350518617096771
-3.744147539138794, -1.1177680492401123, -1.1264014533137994, 1759350518665939223
-3.738100051879883, -1.1311160326004028, -1.1787226680641865, 1759350518715864137
-3.732585906982422, -1.1444050073623657, -1.2323222189531229, 1759350518764575999
-3.7279138565063477, -1.1575921773910522, -1.288771301517497, 1759350518814775788
-3.7233099937438965, -1.1743468046188354, -1.3516625193052996, 1759350518874534970
-3.7214195728302, -1.18321692943573, -1.3847989148564093, 1759350518905861154
-3.718111515045166, -1.2032885551452637, -1.458884472341252, 1759350518974853630
-3.7168731689453125, -1.2151918411254883, -1.5028747394323116, 1759350519014856461
-3.7160279750823975, -1.2294425964355469, -1.558457124108485, 1759350519065949237
-3.716036081314087, -1.2446331977844238, -1.6112769625315182, 1759350519115863090
-3.716827630996704, -1.259291648864746, -1.6640093415389845, 1759350519165764557
-3.7181437015533447, -1.2737008333206177, -1.7190165667876398, 1759350519215654394
-3.720045566558838, -1.285478949546814, -1.7620570873052956, 1759350519255686405
-3.724177360534668, -1.3052074909210205, -1.8384334328163832, 1759350519325570780
-3.7265677452087402, -1.3137843608856201, -1.8697870630802076, 1759350519355701051
-3.7319579124450684, -1.3301576375961304, -1.9340153609567046, 1759350519415988190
-3.7370898723602295, -1.3434827327728271, -1.988375774903148, 1759350519466998812
-3.743340492248535, -1.356717824935913, -2.040735211469434, 1759350519515801019
-3.7500836849212646, -1.3694287538528442, -2.0959493052682605, 1759350519565702356
-3.7574784755706787, -1.382149577140808, -2.149919151413419, 1759350519615958688
-3.767328977584839, -1.3968650102615356, -2.2135656068282468, 1759350519675999853
-3.7725887298583984, -1.4037556648254395, -2.2450008123614666, 1759350519705643454
-3.7855870723724365, -1.4194068908691406, -2.3212524553781018, 1759350519775352375
-3.793398857116699, -1.4276175498962402, -2.365434928279325, 1759350519815244885
-3.8036224842071533, -1.4377297163009644, -2.4183324644021824, 1759350519865772444
-3.814955234527588, -1.4471763372421265, -2.4703436532499796, 1759350519915687689
-3.826205253601074, -1.4559931755065918, -2.5245489797161675, 1759350519965839226
-3.84736704826355, -1.4701980352401733, -2.624237021227275, 1759350520055868696
-3.8652894496917725, -1.4800533056259155, -2.700019817569954, 1759350520125345004
-3.8792827129364014, -1.4863052368164062, -2.7540626469818084, 1759350520175484621
-3.8899996280670166, -1.4906097650527954, -2.795760907575244, 1759350520215633661
-3.904238700866699, -1.4953585863113403, -2.851337634974545, 1759350520265839500
-3.9173803329467773, -1.4992361068725586, -2.9070291536958135, 1759350520316084868
-3.9318766593933105, -1.5024181604385376, -2.960792788250109, 1759350520364322096
-3.9461565017700195, -1.5048120021820068, -3.012832392128543, 1759350520415990067
-3.95782732963562, -1.506239652633667, -3.054062358728437, 1759350520455908601
-3.9784200191497803, -1.507699728012085, -3.127874850371406, 1759350520525153165
-3.992375373840332, -1.5077542066574097, 3.0997173788495265, 1759350520575912225
-4.004122734069824, -1.5072327852249146, 3.055931096438279, 1759350520616791170
-4.018645763397217, -1.5058457851409912, 3.0033962737015494, 1759350520666032920
-4.0334086418151855, -1.5034836530685425, 2.9510181175044665, 1759350520715923326
-4.047870635986328, -1.5006723403930664, 2.895505643392416, 1759350520765516805
-4.061686038970947, -1.4968796968460083, 2.8407335345139653, 1759350520819810031
-4.072876930236816, -1.4934598207473755, 2.7976875711059357, 1759350520856060796
-4.0905232429504395, -1.4867051839828491, 2.7281036852174037, 1759350520922079769
-4.098373889923096, -1.4832532405853271, 2.6966506748839603, 1759350520951884335
-4.116521835327148, -1.4740980863571167, 2.624330340461785, 1759350521020873242
-4.128758430480957, -1.4668538570404053, 2.570112922748031, 1759350521070894629
-4.13870096206665, -1.4605697393417358, 2.5272821510673045, 1759350521111929247
-4.1504387855529785, -1.4517661333084106, 2.475682499568824, 1759350521160981125
-4.165993690490723, -1.4391722679138184, 2.398881202923323, 1759350521230433835
-4.172459125518799, -1.4332829713821411, 2.366606543242334, 1759350521260921860
-4.184578895568848, -1.420912504196167, 2.3019861627692633, 1759350521319624398
-4.194259166717529, -1.410187840461731, 2.2462912351600535, 1759350521371120062
-4.2032575607299805, -1.398672342300415, 2.1913598945179196, 1759350521420930693
-4.2115092277526855, -1.3870725631713867, 2.136313894392868, 1759350521470874762
-4.217770576477051, -1.3769991397857666, 2.092319509059114, 1759350521510792031
-4.224667072296143, -1.3649860620498657, 2.037744796951161, 1759350521560900228
-4.231203556060791, -1.3515654802322388, 1.9853232687476352, 1759350521611002635
-4.238637924194336, -1.334145188331604, 1.915900887039427, 1759350521675307019
-4.241750240325928, -1.3258284330368042, 1.883902036091405, 1759350521705946755
-4.247348785400391, -1.3068840503692627, 1.816877763304173, 1759350521771832399
-4.250319957733154, -1.2947640419006348, 1.7682745340917707, 1759350521815858047
-4.253015041351318, -1.2803897857666016, 1.713600238771203, 1759350521865957497
-4.2549967765808105, -1.2657521963119507, 1.6581923537301078, 1759350521915881987
-4.255967617034912, -1.2512218952178955, 1.6040722598352066, 1759350521965928125
-4.2562255859375, -1.2376999855041504, 1.5545675982904714, 1759350522011990559
-4.255751609802246, -1.225234031677246, 1.507457246290154, 1759350522056109264
-4.251932144165039, -1.191344141960144, 1.3827314207922232, 1759350522172899708
-4.249471187591553, -1.1789093017578125, 1.3380916019098863, 1759350522215791474
-4.245777130126953, -1.1644788980484009, 1.2853047987936697, 1759350522265709531
-4.241597652435303, -1.1507370471954346, 1.2293237803130788, 1759350522315835211
-4.237026691436768, -1.1377581357955933, 1.1785041590845755, 1759350522362882553
-4.231179714202881, -1.1243270635604858, 1.1246787871831117, 1759350522413003081
-4.223167419433594, -1.1080998182296753, 1.0561054414966475, 1759350522476113409
-4.216287136077881, -1.0962388515472412, 1.0048041007429211, 1759350522522816642
-4.2087082862854, -1.084289789199829, 0.9491034211857079, 1759350522572788782
-4.201174736022949, -1.0740803480148315, 0.9042861606459685, 1759350522615965585
-4.1919474601745605, -1.062948226928711, 0.852192563697743, 1759350522665920308
-4.182313442230225, -1.0520641803741455, 0.797410130618747, 1759350522715975146
-4.172257900238037, -1.042256236076355, 0.7443481469720263, 1759350522763981134
-4.161834716796875, -1.0327730178833008, 0.6872946344358587, 1759350522813978796
-4.147546291351318, -1.0213192701339722, 0.6186753290537824, 1759350522875484889
-4.140407562255859, -1.0162979364395142, 0.5863201241200279, 1759350522905416124
-4.123581409454346, -1.0055994987487793, 0.5137038601174438, 1759350522973879611
-4.112546920776367, -0.9995225071907043, 0.46862541432958255, 1759350523015851530
-4.100126266479492, -0.99320387840271, 0.41287769906856764, 1759350523066923070
-4.086485385894775, -0.9873606562614441, 0.36081416981856484, 1759350523117823761
-4.073038101196289, -0.9827332496643066, 0.31275598020733464, 1759350523164886981
-4.059511661529541, -0.9785035252571106, 0.2581584144573248, 1759350523214196842
-4.042282581329346, -0.9741559624671936, 0.18963782417653155, 1759350523276212431
-4.033759593963623, -0.9727199673652649, 0.15891836105818077, 1759350523305895941
-4.018878936767578, -0.9703969955444336, 0.10585822967746136, 1759350523355400731
-4.001095771789551, -0.9689093232154846, 0.04254451827875961, 1759350523415333158
-3.9864418506622314, -0.9684923887252808, -0.012976837595967225, 1759350523465979354
-3.9720394611358643, -0.9688051342964172, -0.06869489994203358, 1759350523515761040
-3.9581005573272705, -0.9699914455413818, -0.12334100714717505, 1759350523565964278
-3.9437150955200195, -0.971869945526123, -0.17822125565817712, 1759350523615788081
-3.9265756607055664, -0.9754106402397156, -0.24285604331282143, 1759350523675468003
-3.912607192993164, -0.9790508151054382, -0.29572722461717604, 1759350523725514125
-3.8986005783081055, -0.9834663271903992, -0.34873100739078455, 1759350523775811692
-3.887850522994995, -0.9874550700187683, -0.3916111000365273, 1759350523815889956
-3.8743157386779785, -0.9932794570922852, -0.4453413698619925, 1759350523866133420
-3.86112904548645, -0.9996897578239441, -0.5001404411817152, 1759350523915910079
-3.848196029663086, -1.0070010423660278, -0.553588337004542, 1759350523965323599
-3.835721254348755, -1.0147868394851685, -0.6087402162814, 1759350524015440253
-3.8219785690307617, -1.024782419204712, -0.6746454327553122, 1759350524075908575
-3.8150813579559326, -1.0301644802093506, -0.7076076267192598, 1759350524107097505
-3.799879550933838, -1.0438227653503418, -0.7822339456732306, 1759350524175590139
-3.7917370796203613, -1.0520339012145996, -0.8246624153286872, 1759350524216129242
-3.7819759845733643, -1.06263267993927, -0.8803647093330759, 1759350524265520056
-3.773376226425171, -1.0734866857528687, -0.935474285844512, 1759350524315662710
-3.7644236087799072, -1.0856252908706665, -0.9907967875616215, 1759350524365867641
-3.7548890113830566, -1.100594162940979, -1.0537723390759226, 1759350524425477281
-3.7504398822784424, -1.1084613800048828, -1.0855518224217973, 1759350524455382144
-3.7437961101531982, -1.1215288639068604, -1.1395765703784584, 1759350524505306571
-3.7356667518615723, -1.139995813369751, -1.219235898262887, 1759350524575295092
-3.73154354095459, -1.1510800123214722, -1.2626786874019917, 1759350524616365161
-3.7271876335144043, -1.165291666984558, -1.3129668379640478, 1759350524665589139
-3.7236692905426025, -1.179400086402893, -1.3638205394109906, 1759350524716005353
-3.7207930088043213, -1.1936421394348145, -1.4171831623693454, 1759350524765811249
-3.7187294960021973, -1.207489252090454, -1.4722806351772266, 1759350524816030467
-3.7174155712127686, -1.2249375581741333, -1.5345835947123503, 1759350524875984428
-3.7169671058654785, -1.2398509979248047, -1.5888551911561202, 1759350524926283322
-3.717545509338379, -1.2544679641723633, -1.6424409870429386, 1759350524976135448
-3.7183496952056885, -1.2660192251205444, -1.6884809695667542, 1759350525016879753
-3.7201361656188965, -1.2798658609390259, -1.7439373395130482, 1759350525065961429
-3.722886085510254, -1.2945877313613892, -1.797965537731994, 1759350525115817918
-3.7264294624328613, -1.3088070154190063, -1.8507828688276318, 1759350525166139695
-3.730473041534424, -1.3224252462387085, -1.905818203927287, 1759350525215326477
-3.734367847442627, -1.3333876132965088, -1.9495336947653903, 1759350525256067201
